"고유번호","언어","상호명","주소","신주소","전화번호","팩스번호","웹사이트","운영시간","운영요일","휴무일","교통정보","태그","장애인편의시설"
"252","ko","63스퀘어","150-763 서울 영등포구 여의도동 60 ","07345 서울 영등포구 63로 50 (여의도동 63한화생명빌딩) ","1833-7001","","www.63art.co.kr","매일 10:00 - 19:00 아쿠아리움 / 연중무휴 (운영시간 마감 30분 전 입장마감) 매일 10:00 - 20:00 63아트 / 연중무휴 (운영시간 마감 30분 전 입장마감)","월~일","연중무휴","1호선 대방역 6번 출구 셔틀버스 탑승    5호선 여의도역 5번 출구 셔틀버스 탑승    5호선 여의나루역 4번 출구 셔틀버스 탑승 "," 63아쿠아플라넷 63빌딩전망대63스퀘어여의도 63아트63빌딩레스토랑 아쿠아리움 전망대 데이트코스63빌딩","엘리베이터장애인 안내(휠체어 대여 및 기타)장애인 전용 주차장장애인화장실접근가능"
"432","en","Bongeunsa Temple","135-870 73 Samseong-dong Gangnam-gu Seoul Korea ","06087 531 Bongeunsa-ro Gangnam-gu Seoul Korea  ","+82-2-3218-4800","+82-2-544-2141","http://www.bongeunsa.org/","","","","* Subway Line 9 Bongeunsa Station Exit 1 * Subway Line 2 Samseong Station Exit 6     * Subway Line 7 Cheongdam Station Exit 2","LanternParadeBuddhismTempleStayBuddhistTempleGangnamHistoricSiteBongeunsaCoex","Accessible Information Centers &amp; Services(Wheelchair rentals etc.)Accessible ParkingAccessible Restrooms"
"296","en","Changdeokgung Palace ","110-360 2-71 Waryong-dong Jongno-gu Seoul ","03072 2-71 Waryong-dong Jongno-gu Seoul ","+82-2-762-8261","+82-2-762-2070","http://www.cdg.go.kr/eng/","February - May 09:00 - 18:00 (Last entry at 17:00) June - August 09:00 - 18:30 (Last entry at 17:30) September - October 09:00 - 18:00 (Last entry at 17:00) November - January 09:00 - 17:30 (Last entry at 16:30)","","Closed Mondays","Subway Line 3 Anguk Station Exit 3 (5 minutes by foot) Subway Line 5 Jongno 3-ga Station Exit 6 (10 minutes by foot)","SeoulAttractionsChangdeokgungPalaceSeoulAttractionsKoreaTravelCourseSeoulEssentialTravelDestinationsSeoulSeoulDateCourseSeoulTravelCourseWorldHeritageSiteForbiddenCityTourKoreanCultureSeoulHanbokTourKoreanTradition","Accessible Information Centers &amp; Services(Wheelchair rentals etc.)Accessible ParkingAccessible Restrooms"
"298","en","Changgyeonggung Palace","110-360 Waryong-dong Jongno-gu Seoul 2-1","03072 185 Changgyeonggung-ro Jongno-gu Seoul ","+82-2-762-4868","","http://english.cha.go.kr/html/HtmlPage.do?pg=/royal/RoyalPalaces_3.jsp&mn=EN_02_03_04","Daily 09:00 - 21:00 (Last entry at 20:00) *Closed Mondays*","","","Subway Line 4 Hyehwa Station Exit 4 (15 minutes by foot)","KoreanHistoricSitesSeoulNightViewSeoulNightWalkSeoulDateSpotPalaceNightTourSeoulPalaceTraditionalSeoulAttractionsKoreanPalaceSeoulTravelCourseSeoulAttractionsChanggyeonggungPalaceTraditionalKoreanCultureSeoulDateNight","Accessible Information Centers &amp; Services(Wheelchair rentals etc.)Accessible ParkingAccessible Restrooms"
"461","en","Culture Station Seoul 284","100-162 122-28 Bongnae-dong 2(i)-ga Jung-gu Seoul ","04509 1 Tongil-ro Jung-gu Seoul ","+82-2-3407-3500","","https://www.seoul284.org/english/","Daily 11:00 - 19:00 (Last entry at 18:30) ","","Closed Mondays New Year Lunar New Year & Chuseok ","Subway Lines 1 & 4 Seoul Station Exit 2","HistoricSiteArtArtGalleryCultureStationSeoul284SeoulStationFormerSeoulStationTrainStationMuseumExhibition","Accessible Information Centers &amp; Services(Wheelchair rentals etc.)Accessible PathwaysAccessible RestroomsElevators"
"2047","en","Deoksugung Palace","100-120 Jeong-dong Jung-gu Seoul 5-1","100-120 99 Sejong-daero Jung-gu Seoul ","+82-2-771-9951","+82-2-771-9953","http://www.deoksugung.go.kr:8081/","Daily 9:00 - 21:00 (Last entry 20:00) *Closed Mondays*","","","Subway Line 1 City Hall Station Exit 2 (5 minutes by foot) Subway Line 2 City Hall Station Exit 12 (5 minutes by foot)  ","SeoulOutingKoreanHistoryPalaceTourJeongdonggilPalaceKoreanTraditionKoreanPalaceJeongdongStonewallRoadDeoksugungAtNightSeoulNightViewSeoulTravelSeoulTopTravelDestinationsKoreaTravelSeoulWalkingStreetDeoksugungTourDeoksugungPalace","Accessible Information Centers &amp; Services(Wheelchair rentals etc.)Accessible Restrooms"
"1792","en","Dosan Park","135-120 649-9 Sinsa-dong Gangnam-gu Seoul ","135-120 20 Dosan-daero 45-gil Gangnam-gu Seoul ","+82-2-3423-6245","","","Dosan Memorial Hall: Open daily 10:00 - 17:00","","","Subway Line 3 Apgujeong Station Exits 2 & 3  ","MuseumDosanParkApgujeongStationHistoryPatriotMemorialExhibitionGangnamParkAhnChangHo","Accessible PathwaysAccessible Restrooms"
"1901","en","Gwanghwamun Square","  ","  ","+82-2-120","","http://plaza.seoul.go.kr/gwanghwamun","","","","","","Accessible PathwaysAccessible Restrooms"
"73","en","Gyeongbokgung Palace","110-820 1-1 Sejongno Jongno-gu Seoul ","03045 161 Sajik-ro Jongno-gu Seoul ","+82-2-3700-3900","+82-2-3700-3909","http://www.royalpalace.go.kr:8080/html/eng_gbg/main/main.jsp","January & February: 09:00 - 17:00 March - May: 09:00 - 18:00 June - August: 09:00 - 18:30  September & October: 09:00 - 18:00 November & December: 09:00 - 17:00 *Last entry one hour before closing*","Daily *Closed Tuesdays*","","Subway Line 3 Gyeongbokgung Station Exit 5 (5 mins on foot) Subway Line 5 Gwanghwamun Station Exit 2 (10 mins on foot)","KoreanHistoricSitesSeoulOutingGyeongbokgungPalaceSeoulPalaceGyeongbokgungPalaceAdmissionFeeSeoulTouristAttractionsKoreanTraditionSeoulAttractionsSeoulTravelSeoulAttractionsKoreanCultureSeoulDate","Accessible Information Centers &amp; Services(Wheelchair rentals etc.)Accessible ParkingAccessible PathwaysAccessible Restrooms"
"100","en","Hanyangdoseong (Seoul City Wall)","110-041 70-6 Jongno 6-ga Jongno-gu Seoul ","03038 283 Yulgok-ro Jongno-gu Seoul (Jongno 6-ga Seoul Design Support Center) ","+82-2-120","","http://seoulcitywall.seoul.go.kr/front/eng/index.do","","","","* Subway Line 3 Anguk Station Exit 2 * Subway Lines 1 & 4 Dongdaemun Station Exits 1 & 10","NaksanDongdaemunNamsanInwangsanHansungUnivStationBugaksanHistoricSiteSeoulCityWallWalkHikingFourMajorGates","Accessible ParkingAccessible Restrooms"
"2586","en","Jogyesa Temple","110-170 45 Gyeonji-dong Jongno-gu Seoul "," 03144 55 Ujeongguk-ro Jongno-gu Seoul ","+82-2-768-8600","+82-2-720-1391","http://www.jogyesa.kr/user/english/","Opening hours vary depending on what Buddhist ceremonies are taking place and the temple schedule","","","- Anguk Station (subway line 3) exit 6 10 min. away on foot - Gwanghwamun Station (subway line 5) exit 2 15 min. away on foot - Jonggak Station (subway line 1) exit 2 10 min. away on foot","Religious SiteAnguk StationHistoryHistoric SiteBuddhismTempleJogyesa TempleGwanghwamun StationJonggak Station","Accessible Pathways"
"549","en","Jongmyo Shrine","110-400 Jongno Jongno-gu Seoul ","03135 157 Jong-ro Jongno-gu Seoul ","+82-2-765-0195","","http://english.cha.go.kr/html/HtmlPage.do?pg=/royal/jongmyoShrine.jsp&mn=EN_02_05","Spring & Fall (February - May September - October) 09:00 - 18:00 (Last entry at 17:00) Summer (June - August) 09:00 - 18:30 (Last entry at 17:30) Winter (November - January) 09:00 - 17:30 (Last entry at 16:30)  ※ Please refer to the website ","","Tuesdays ","Subway Line 1/3/5 Jongno 3(sam)-ga Station Exits 8 & 11 (5 mins on foot)","ArchitectureGwanghwamunUNESCOChangdeokgungHistoricalSiteChanggyeonggungJongmyo","Accessible Information Centers &amp; Services(Wheelchair rentals etc.)Accessible PathwaysAccessible Restrooms"
"3102","en","Kumho Museum of Art","110-061 78 Sagan-dong Jongno-gu Seoul ","110-061 18 Samcheong-ro Jongno-gu Seoul ","+82-2-720-5114","+82-2-720-6474","http://www.kumhomuseum.com/eng/","Daily 10:00 - 18:00 (Last entry at 5:30)","","Closed Mondays Lunar New Year's Day & Chuseok","* Subway Line 3 Gyeongbokgung Station Exit 5 (10 mins on foot) * Subway Line 3 Anguk Station Exit 1 (10 mins on foot) * Subway Line 5 Gwanghwamun Station Exit 2 (15 mins on foot)","ArtGalleryCultureGwanghwamunStationGyeongbokgungStationAngukStationKumhoMuseumOfArtMuseum","Accessible Parking"
"6958","en","Kyung Hee University Natural History Museum","130-050 1 Hoegi-dong Dongdaemun-gu Seoul ","02447 26 Kyungheedae-ro Dongdaemun-gu Seoul ","+82-2-961-0142","","https://nhm.khu.ac.kr/contents/01_eng_introduce.php","Daily 10:00 - 17:00 ","","Closed weekends & holidays","* Subway Line 1 Hoegi Station Exit 1 * Subway Line 1 Hankuk University of Foreign Studies Station Exit 1","ScienceHoegiStationSedimentaryRockKyungHeeUniversityNaturalHistoryMuseumExhibitionKyungheeUniversityNaturalHistoryIgneousRockMuseum","Accessible Parking"
"1236","en","Leeum Museum of Art ","140-893 60-16 Itaewon-ro 55-gil Yongsan-gu Seoul ","04348 60-16 Itaewon-ro 55-gil Yongsan-gu Seoul ","+82-2-2014-6901","","http://leeum.samsungfoundation.org/html/global/main.asp","Daily 10:30 - 18:00 ","","Closed Mondays New Year's weekend New Year's Day & Chuseok","Subway Line 6 Hangangjin Station Exit 1 (10 mins on foot)","ArtExperienceHangangjinStationSamsungMuseumOfArtCultureItaewonGalleryLeeum","Accessible Information Centers &amp; Services(Wheelchair rentals etc.)Accessible ParkingAccessible PathwaysAccessible RestroomsElevators"
"1250","zh-CN","Leeum美术馆","140-893 首尔市龙山区黎泰院路55街60-16  ","04348 首尔市龙山区黎泰院路55街60-16  ","+82-2-2014-6901","","http://leeum.samsungfoundation.org/html/global/main.asp","10:30 ~ 18:00  周二到周日10:30 ~ 18:00，闭馆前一小时禁止入场","星期二 星期三 星期四 星期五 星期六 星期天","每周一、每年1月1日、春节、中秋","6号线 汉江镇站1号出口出来后步行10分钟   ","三星美术馆美术作品博物馆教育文化中心龙山艺术梨泰院","无障碍坡道残疾人专用停车场残疾人指南(轮椅租借及其他)残疾人洗手间电梯"
"1253","zh-TW","Leeum美術館","140-893 首爾市龍山區梨泰院路55街60-16 ","04348 首爾市龍山區梨泰院路55街60-16 ","+82-2-2014-6901","","http://leeum.samsungfoundation.org/html/global/main.asp","10:30~18:00 (*閉館前一小時截止入場)","星期二~星期日","週一、元旦、春節、中秋節","6號線漢江鎮站1號出口步行10分鐘","Leeum文化漢南洞梨泰院Leeum三星美術館美術館藝術","殘疾人士服務台(租借輪椅等)無障礙停車場無障礙坡道無障礙廁所電梯"
"1244","ja","Leeum美術館","140-893 ソウル市龍山区漢南洞742-1 ","04348 ソウル市ヨンサン(龍山)区イテウォンロ55ギル60-16  (漢南洞)","+82-2-2014-6901","","http://leeum.samsungfoundation.org/html/global/main.asp","10:30-18:00  ※入場は閉館1時間前まで","","月曜日、1月1日、旧正月連休、秋夕(旧盆)連休","地下鉄6号線「ハンガンジン」駅1番出口から徒歩10分   ","サムスン美術館Leeumギャラリー韓国美術館ソウル美術館リウム美術館梨泰院三星美術館Leeum美術館展望台文化ハンガンジン駅","アクセシビリティエレベーターバリアフリートイレ体の不自由な方のための専用駐車場体の不自由な方のための案内所(車椅子レンタルなど)"
"21380","en","Lotte World Tower","138-240 29 Sincheon-dong Songpa-gu Seoul ","05551 300 Olympic-ro (Sincheon-dong) Songpa-gu Seoul ","+82-2-3213-5000","","http://www.lwt.co.kr/en/main/main.do","Please refer to the website.","","Open year round","Subway Lines 2 & 8 Jamsil Station Exits 2 & 11 (5 mins on foot)","JamsilSeoulSkyLotteWorldTower DepartmentStoreObservatoryLotteWorldAquariumDutyFree","Accessible Information Centers &amp; Services(Wheelchair rentals etc.)Accessible ParkingAccessible PathwaysAccessible RestroomsElevators"
"23833","en","Mongchon Museum Of History","138-749 88-3 Bangi-dong Songpa-gu Seoul ","05540 424 Olympic-ro Songpa-gu Seoul ","+82-2-2152-5900","","http://baekjemuseum.seoul.go.kr/dreamvillage/","Daily 09:00 - 18:00","","Closed Mondays & New Year's Day","* Subway Line 5 Olympic Park Station Exit 3 * Subway Line 8 Mongchontoseong Station Exit 1","JamsilMongchontoseongStationHistoryMongchonMuseumOfHistoryOlympicParkOlympicParkStationBaekjeExhibitionMuseumSeoulBaekjeMuseum","Accessible PathwaysAccessible Restrooms"
"11472","en","Myeong-dong Tourist Information Center","  ","04538 66 Eulji-ro Jung-gu Seoul ","+82-2-778-0333","","http://www.facebook.com/MyeongdongTouristInformationCenter","Myeong-dong Tourist Information Center / Souvenir Shop - 09:00 - 18:00","","Closed Public Holidays Every Sunday","- Euljiro 1(il)-ga Station (subway line 2) exit 5 6","Myeong-dongTourism Information CenterMyeong-dong StationMedical TourismGift ShopTourism Help DeskMyeong-dong Tourist Information CenterHandicraftsShoppingHanbok","Accessible Pathways"
"4036","en","Myeongdong Cathedral","100-022 1-1 Myeongdong 2(i)-ga Jung-gu Seoul ","100-022 74 Myeongdong-gil Jung-gu Seoul ","+82-2-774-1784","","http://www.mdsd.or.kr","","","Closed Mondays","* Subway Line 4 Myeongdong Station Exit 9 * Subway Line 2 Euljiro 1(il)-ga Station Exit 5 * Subway Line 2 Euljiro 3(sam)-ga Station Exit 12","HistoricSiteReligiousSiteSeongmoDongsanCatholicismHistoryMyeongdongCathedral","Accessible ParkingAccessible PathwaysAccessible RestroomsElevators"
"37","en","Namsan Seoul Tower ","140-022 1-3 Yongsan-dong  2(i)-ga Mt Yongsan-gu Seoul Korea ","04340 105 Namsangongwon-gil Yongsan-gu Seoul Korea (Yongsan-dong 2-ga YTN Seoul Tower)","+82-2-3455-9277","","http://www.seoultower.co.kr/en/","Weekdays 12:00 - 21:00 Weekends & Public Holidays 11:00 - 21:00 *Last entry 30 minutes before close*","","","Subway Line 6 Itaewon Station Exit 4 (Take bus No. 03 → Get off at Namsan Seoul Tower) Subway Lines 3 & 4 Chungmuro Station Exit 2 (Take bus No. 02 or 05 → Get off at Namsan Seoul Tower) Subway Line 3 Dongguk Univ. Station Exit 2 (Take bus No. 02 → Get off at Namsan Seoul Tower)","ViewDateRomanticNightscapeObservatoryNSeoulTowerCableCarSeoulMyeongdongNamsanNamsanTower","Accessible Information Centers &amp; Services(Wheelchair rentals etc.)Accessible PathwaysAccessible RestroomsElevators"
"5763","en","National Assembly Building","150-701 1 Yeouido-dong Yeongdeungpo-gu Seoul ","07233 1 Uisadang-daero Yeongdeungpo-gu Seoul ","+82-2-788-2114","+82-2-788-3664","http://korea.assembly.go.kr/","Daily 09:00 - 18:00 & Saturday 08:00 - 17:00 (Lunch Time 12:00 - 13:00)  * Entrance closes 1 hour prior to closing time","","Closed Sundays holidays & May 31st","Subway Line 9 National Assembly Station Exits 1 & 6  "," DemocracyYeouidoNationalAssemblyMembersOfficeBuildingHumanRightsNationalAssemblyStationAssemblyHistoryLibrary","Accessible Information Centers &amp; Services(Wheelchair rentals etc.)Accessible ParkingAccessible PathwaysAccessible RestroomsElevators"
"1645","en","National Folk Museum of Korea","110-820 Sejongno Jongno-gu Seoul 1-1"," 03045 37 Samcheong-ro Jongno-gu Seoul ","+82-2-3704-3114","+82-2-3704-3113","https://www.nfm.go.kr/english/index.do","[Fridays & Saturdays 9:00 - 21:00 (Last entry at 20:00)] * March - October 09:00 - 18:00 (Last entry at 17:00) * November - February 09:00 - 17:00 (Last entry at 16:00) * June - August 09:00 - 19:00 (Last entry at 18:00)","","","* Subway Line 3 Gyeongbokgung Station Exit 5 (5 mins on foot) * Subway Line 5 Gwanghwamun Station Exit 2 (10 mins on foot)","FolkCultureGyeongbokgungGyeongbokgungPalaceHistoryNationalFolkMuseumOfKoreaFolkArtsMuseumGyeongbokgungStationTraditionalCulture","Accessible Information Centers &amp; Services(Wheelchair rentals etc.)Accessible ParkingAccessible PathwaysAccessible Restrooms"
"35562","en","National Hangeul Museum"," 168-6 Yongsan-dong 6(yuk)-ga Yongsan-gu Seoul ","04383 139 Seobinggo-ro Yongsan-gu Seoul ","+82-2-2124-6200","","https://www.hangeul.go.kr/lang/en/","10:00 - 18:00 ","Mon - Sun","January 1 Lunar New Year's Day Chuseok * Closed days of the Hangeul Library: Saturdays Sundays and public holidays (except Hangeul Day)","Subway Line 4 / Gyeongui Jungang Line Ichon Station Exit 2","HangeulNationalHangeulMuseumHangeulMuseumKingSejongtheGreatSeoulMuseumsHunminjeongeum","Accessible Information Centers &amp; Services(Wheelchair rentals etc.)Accessible ParkingAccessible PathwaysAccessible RestroomsElevators"
"40774","en","National Meteorological Museum of Korea","  ","03178 52 Songwol-gil Jongno-gu Seoul ","+82-70-7850-8493 ","","https://science.kma.go.kr/museum","10:00  - 18:00","Tuesday - Sunday","Mondays January 1 Lunar New Year’s Day and Chuseok","Subway Line 5 Seodaemun Station Exit 4","Observatory100-year ObservatoryCherry BlossomsOldest Rain Gauge PedestalFall foliageSeoul Meteorological ObservatoryGyeonghuigung PalaceNational Meteorological MuseumWeatherthe Seoul City WallHanyangdoseongRain Gauge Pedestal","Accessible Information Centers &amp; Services(Wheelchair rentals etc.)Accessible ParkingAccessible RestroomsElevators"
"6667","en","National Museum of Korean Contemporary History","03141 82-1 Sejongno Jongno-gu Seoul ","03141 198 Sejong-daero Jongno-gu Seoul ","+82-2-3703-9200","+82-2-3703-9216","http://www.much.go.kr/en/mainen.do","Mon Tues Thu Fri Sun 10:00 - 18:00 KST / Wed Sat 10:00 - 21:00 KST ","","Closed on New Year's Day & Chuseok","* Subway Line 3 Gyeongbokgung Station Exit 6 * Subway Line 5 Gwanghwamun Station Exit 2 * Subway Line 1 Jonggak Station Exits 1 & 2","ExhibitionMuseumGwanghwamunSeoulMuseumJonggakStationDeclarationOfIndependenceObservatoryNightscapeNationalMuseumOfKoreanContemporaryHistory","Accessible Information Centers &amp; Services(Wheelchair rentals etc.)Accessible ParkingAccessible PathwaysAccessible RestroomsElevators"
"11658","en","National Museum of Modern and Contemporary Art Seoul"," Samcheong-dong Jongno-gu Seoul "," 30 Samcheong-ro Jongno-gu Seoul ","+82-2-3701-9500","","http://www.mmca.go.kr/eng/","Mondays Tuesdays Thursdays Fridays Sundays 10:00 - 18:00 Wednesdays & Saturdays 10:00 - 21:00 * Special Night Exhibition 18:00 - 21:00 * Last Entry : 1 Hour Before Closing Time","Monday - Sunday","New Year's Day Lunar New Year's Day & Chuseok ","Subway Line 3 Anguk Station Exit 1 ","ArtMuseumArtNationalMuseumOfHistorySeoulMuseumHistoryMuseumContemporaryArtHistory","Accessible Information Centers &amp; Services(Wheelchair rentals etc.)Accessible ParkingAccessible PathwaysAccessible RestroomsElevators"
"20602","en","National Palace Museum of Korea","110-820 1-57 Sejong-ro Jongno-gu Seoul ","03045 12 Hyoja-ro Jongno-gu Seoul ","+82-2-3701-7500","","http://www.gogung.go.kr/fore/main.do?pLng=en","Daily 10:00 - 18:00  * Wednesday · Saturday 10:00 - 21:00","","Open year round","Subway Line 3 Gyeongbokgung Station Exit 5","GyeongbokgungStationTourismCulturalPropertyMuseumExhibitionNationalPalaceMuseumOfKoreaAttractionArtifact","Accessible Information Centers &amp; Services(Wheelchair rentals etc.)Accessible ParkingAccessible PathwaysAccessible Restrooms"
"1418","en","Seonjeongneung (Tomb)","135-090 135-4 Samseong-dong Gangnam-gu Seoul ","135-090 1 Seolleung-ro 100-gil Gangnam-gu Seoul ","+82-2-568-1291","+82-2-568-0773","http://royaltombs.cha.go.kr/html/HtmlPage.do?pg=/new/html/portal_01_08_01.jsp&mn=RT_01_08","March - October Daily 06:00 - 21:00  November - January Daily 06:00 - 17:30  February 06:00 - 18:00","","Closed Mondays","Subway Line 2 & Bundang Line Seolleung Station Exit 10 Subway Line 9 Seonjeongneung Station Exit 3  ","SeoulDateSpotRecommendationCulturalHeritageJeonneungSeoulParkUNESCOinTheCitySeolleungSeoulHistoricalPlacesSeolleungDateSpotWorldCulturalHeritagePlacesToVisitInSeoulParkDateSeonjeongneungSeolleungStation","Accessible Information Centers &amp; Services(Wheelchair rentals etc.)Accessible ParkingAccessible PathwaysAccessible Restrooms"
"11612","en","Seoul Baekje Museum","138-050 Bangi dong Songpa-gu Seoul 88-20","05540 71 Wiryeseong-daero Songpa-gu Seoul ","+82-2-2152-5800","+82-2-2152-5879","","* Weekdays 09:00 - 21:00 * Weekends 09:00 - 19:00 (November - February 09:00 - 18:00)","","Closed Mondays & New Year's Day (Museum opens on holidays that fall on a Monday)","* Subway Line 8 Mongchontoseong Station Exit 1 (650 m on foot) * Subway Line 5 Olympic Park Station Exit 3 (1 km on foot)","CultureExhibitionSeoulBaekjeMuseumMongchontoseongStation4DVideoZoneHistoricalSiteOlympicParkStationMuseumOlympicPark","Accessible Information Centers &amp; Services(Wheelchair rentals etc.)Accessible ParkingAccessible PathwaysAccessible RestroomsElevators"
"10233","en","Seoul Metropolitan Library"," Jung-gu Seoul Taepyeong-ro 1-ga 31"," 04524  110 Sejong-daero Jung-gu Seoul ","+82-2-2133-0300","","http://lib.seoul.go.kr/rwww/html/en/main.jsp","* Weekdays 09:00 - 21:00 KST * Weekends 09:00 - 18:00 KST","","Closed Mondays","Subway Lines 1 & 2 City Hall Station Exits 4 & 5","EuljiroArchitectureSeoulMetropolitanLibraryGwanghwamunBooksPublicLibraryLibrarySeoulCityHallHistoricSite","Accessible Information Centers &amp; Services(Wheelchair rentals etc.)Accessible PathwaysAccessible RestroomsElevators"
"1537","en","Seoul Museum of Art (Seosomun Main Building)","100-813 Seosomun-dong Jung-gu Seoul ","04515 61 Deoksugung-gil Jung-gu Seoul ","+82-2-2124-8800","","http://sema.seoul.go.kr/global/eindex.jsp","(March - October) Tuesdays - Fridays 10:00 - 20:00 / Weekends 10:00 - 19:00 (November - February) Tuesdays - Fridays 10:00 - 20:00 / Weekends 10:00 - 18:00 ※ Culture Day - Museum main building Buk Seoul Museum: last Wednesday of the month 10:00 - 22:00","","New Years Day","Subway Lines 1 & 2 City Hall Station Exit 10 Subway Line 5 Seodaemun Station Exit 6","DeoksugungPalaceSeMASeodaemunStationHistoricSiteMuseumSeoulFilmingLocationGwanghwamunSeoulMuseumOfArtSeosomunArchitecture","Accessible Information Centers &amp; Services(Wheelchair rentals etc.)Accessible ParkingAccessible PathwaysAccessible RestroomsElevators"
"33884","en","Sungshin Women's University Costume Museum and Natural History Museum","  ","01133 55 Dobong-ro 76ga-gil Gangbuk-gu Seoul (Woonjung Green Campus B1)","Costume Museum: +82-2-920-2657<br>Natural History Museum: +82-2-920-7890","+82-2-920-2796","https://www.sungshin.ac.kr/sites/museum/index.do","Mon - Sat 10:00 - 17:00 (Closed Sundays and Legal Holidays)","","","Subway Line 4 Mia Station Exit 2 (10 mins on foot)","UniversityMuseumLearningNatureSungshinSeoulCostumeHistory","Accessible ParkingAccessible RestroomsElevators"
"456","en","The National Museum of Korea","  ","04383 137 Seobinggo-ro Yongsan-gu Seoul ","+82-2-2077-9000","","https://www.museum.go.kr/site/eng/home","- Mon Tues Thur Fri Sunday 10:00 - 18:00 KST - Wed Saturday 10:00 - 21:00 KST *  Outside exhibitions may be viewed from 07:00 KST","","* Closed on Mondays January 1st Lunar New Year's Day Chuseok * Permanent exhibitions close every first Monday in April and October (April 6 2020 & November 2 2020) ※ The special exhibition hall children's museum and outside exhibition hall remain open","Subway Line 4 & Gyeongui-Jungang Line Ichon Station Exit 2 (150 m on foot)","HistoryExhibitionsNationalMuseumOfKoreaChildrensMuseumLearningYongsanTraditionKoreaCultureMuseum","Accessible Information Centers &amp; Services(Wheelchair rentals etc.)Accessible ParkingAccessible PathwaysAccessible RestroomsElevators"
"2725","en","The Seoul Museum of History","110-062 2-1 Sinmunno 2(i)-ga Jongno-gu Seoul 2-1","03177 55 Saemunan-ro Jongno-gu Seoul ","+82-2-724-0274","","http://eng.museum.seoul.kr/eng/index.do","[Temporarily closed due to COVID-19] * Weekdays 09:00 – 20:00 * Weekends & Holidays 09:00 - 19:00 (November - February 09:00 - 18:00)","","Closed Mondays & New Year's Day","* Subway Line 3 Gyeongbokgung Station Exit 7 * Subway Line 5 Seodaemun Station Exit 4 (300 m on foot) * Subway Line 5 Gwanghwamun Station Exits 7 & 8 (400 m on foot)","GwanghwamunHistoryMuseumSeoulMuseumOfHistorySeodaemunStationCultureExperienceGyeongbukgungPalace","Accessible Information Centers &amp; Services(Wheelchair rentals etc.)Accessible ParkingAccessible PathwaysAccessible RestroomsElevators"
"5467","en","The Story of King Sejong • The Story of Admiral Yi Sunshin","110-050 Sejong-no Jongno-gu Seoul (B2 Sejong Center for the Performing Arts)","03172 175 Sejong-daero Jongno-gu Seoul ","+82-2-399-1000","","https://www.sejongstory.or.kr/engStory/main/main.do","Daily 10:00 - 18:30 (Last entry at 18:00 ) *Closed Mondays*","","","* Subway Line 3 Gyeongbokgung Station Exit 6    * Subway Line 5 Gwanghwamun Station Exit 2 (30 m on foot) * Subway Line 1 Jonggak Station Exit 1","GwanghwamunPlazaMuseumGyeongbukgungStationSejongCenterForThePerformingArtsYiSunshinExhibitionKingSejong","Accessible Information Centers &amp; Services(Wheelchair rentals etc.)Accessible PathwaysAccessible RestroomsElevators"
"864","en","The War Memorial of Korea","140-021 Yongsandong 1(il)-ga Yongsan-gu Seoul 8 ","04353 29 Itaewon-ro Yongsan-gu Seoul ","+82-2-709-3114","+82-2-709-3100","https://www.warmemo.or.kr/LNG/main.do?lan=en","Daily 09:30 - 18:00 ","","Closed Mondays & the day following national holidays","* Subway Line 6 Samgakji Station Exit 1 (5 mins on foot)  * Subway Line 1 Namyeong Station Exit 1 (10 mins on foot)    * Subway Line 4 Samgakji Station Exits 11 & 12 (3 mins on foot)","YongsanWarMemorialOfKoreaWhereToGoInSeoulYongsanChildrensMuseumKoreanWarWarMemorialOfKoreaWhereToBringKidsInSeoulWarMemorialForKids","Accessible Information Centers &amp; Services(Wheelchair rentals etc.)Accessible ParkingAccessible PathwaysAccessible RestroomsElevators"
"1155","en","Yanghwajin Foreign Missionary Cemetery","121-883 46 Yanghwajin-gil Mapo-gu Seoul ","04084 46 Yanghwajin-gil Mapo-gu Seoul ","+82-2-332-9174","","http://www.yanghwajin.net/v2/index.html","Daily 10:00 - 17:00","","Closed Sundays ※ Guided tours are not offered on Sundays Jan. 1st Lunar New Year Chuseok and Christmas","Subway Lines 2 & 6 Hapjeong Station Exit 7","MemorialYanghwajinHistoricSiteCemeteryHongdaeForeignMissionaryHapjeong","Accessible ParkingAccessible PathwaysAccessible Restrooms"
"815","ja","ウンヒョングン(雲峴宮)","110-350 ソウル市鐘路区雲泥洞114-10 ","03131 ソウル市チョンノ(鐘路)区サミルデロ464 (雲泥洞)  ","+82-2-766-9090","+82-2-742-3900","http://www.unhyeongung.or.kr/","9:00-18:00 (入場締め切り17:30/コロナ19に短縮営業)","","月曜日 (月曜日が祝日の場合は開館)","地下鉄3号線「アングク」駅4番出口50m前    地下鉄5号線「チョンノサムガ」駅5番出口(アングク駅方面)300m前","ソウル宗廟ソウル旅行デートコース韓国の宮殿ソウル散歩コースソウルの故宮ツアー雲峴宮ソウルの観光スポットソウルの観光スポットソウルの宮殿","アクセシビリティバリアフリートイレ"
"74","ja","キョンボックン(景福宮)","110-820 ソウル市鐘路区世宗路 1-1 景福宮","03045 ソウル市チョンノ(鐘路)区サジクロ161(世宗路、景福宮) ","+82-2-3700-3900","+82-2-3700-3909","http://www.royalpalace.go.kr:8080/html/eng_gbg/main/main.jsp","1月~2月:9:00-17:00(入場締め切り16:00) 3月~5月:9:00-18:00(入場締め切り17:00) 6月~8月:9:00-18:30(入場締め切り17:30) 9月~10月:9:00-18:00(入場締め切り17:00) 11月~12月:9:00-17:00(入場締め切り16:00) ※機関の都合により観覧時間短縮及び調整がある場合があります。","","火曜日","地下鉄3号線「キョンボックン(ソウル政府庁舎)」駅5番出口から徒歩5分 地下鉄5号線「クァンファムン」駅2番出口から徒歩10分","ソウルデートソウル宮殿ソウル名所韓国歴史的名所韓国文化景福宮入場料ソウル見どころ景福宮ソウル観光地ソウル外出ソウル見どころ韓国伝統ソウル旅行","アクセシビリティバリアフリートイレ体の不自由な方のための専用駐車場体の不自由な方のための案内所(車椅子レンタルなど)"
"1902","ja","クァンファムン(光化門)広場","110-820 ソウル市鐘路区世宗路 1-68","110-820 ソウル市チョンノ(鐘路)区セジョンデロ172 (世宗路)","+82-2-120","","http://plaza.seoul.go.kr/gwanghwamun","","","","地下鉄3号線「キョンボックン(政府ソウル庁舎)」駅6・7番出口外換銀行方面 地下鉄5号線「クァンファムン」駅1・2・8番出口 地下鉄1号線「シチョン」駅3番出口からトクスグン(徳寿宮)前を通りコリアナホテル方面  ","チョンゲチョン光化門広場世宗大王広場世宗文化会館歴史李舜臣清渓川都市文化広場景福宮クァンファムン","アクセシビリティバリアフリートイレ"
"32867","ja","ソウルウリソリ(民謡)博物館"," 서울 종로구 와룡동 5-9 ","03131 ソウル特別市チョンノ(鐘路)区ユルゴクロ96 ","+82-2-742-2600","","http://gomuseum.seoul.go.kr/sekm/index","利用可能時間 09:00~19:00 ","","休館日は毎週月曜日、元旦、旧正月・秋夕(旧暦8月15日)当日","3号線アングク駅4番出口 1・3・5号線チョンノサムガ駅6番出口","韓国の歌博物館チャンドッグン(昌徳宮)民謡博物館都市ソウルイクソンドン(益善洞)国楽","アクセシビリティエレベーターバリアフリートイレ"
"101","ja","ソウルハニャン(漢陽)都城","110-126 ソウル市鍾路区鐘路6街 70-6","03098 ソウル市チョンノ(鐘路)区ユルゴクロ283 (鐘路6街)","+82-2-120","","http://seoulcitywall.seoul.go.kr/front/jp/index.do","","","","地下鉄3号線「アングク」駅2番出口からマウルバス02番に乗り換え、ワリョン(臥龍)公園で下車徒歩10分 地下鉄4号線「フェヒョン」駅1番出口からマウルバス08番[종로08]に乗り換え、ワリョン(臥龍)3街で下車徒歩30分","漢陽都城ソウル漢陽都城仁王山4小門東大門城郭駱山城壁ソウル観光歴史遺跡地・文化財北岳山南山4大門","バリアフリートイレ体の不自由な方のための専用駐車場"
"10235","ja","ソウル図書館(旧ソウル市庁舎)"," ソウル市中区太平路1街 31ソウル市庁"," ソウル市チュン(中)区セジョンデロ110 (太平路1街)ソウル市庁","+82-2-2133-0300","","https://lib.seoul.go.kr/","火~金 09:00~21:00 土日 09:00~18:00","","月曜日および祝祭日","地下鉄1号線/2号線「シチョン」駅5番出口 地下鉄2号線「ウルチロイプク」駅1番出口","ソウル図書館市庁図書館図書館市庁ランドマーク旧ソウル市庁舎歴史","アクセシビリティエレベーターバリアフリートイレ体の不自由な方のための案内所(車椅子レンタルなど)"
"1564","ja","ソウル市立美術館(西小門本館)","100-813 ソウル市中区西小門洞37 ","04515 ソウル市チュン(中)区トッスグンギル61 (西小門洞)","+82-2-2124-8800","","http://sema.seoul.go.kr/global/jindex.jsp?x=18&y=12","[3～10月]火～金曜日10:00-20:00 (土･日曜日および祝祭日は19時まで)  [11～2月]火～金曜日10:00-20:00 (土･日曜日および祝祭日は18時まで)  ※入場は閉館の1時間前まで  ※文化のある日 - 西小門本館、北ソウル美術館:最後の週の水曜日は、10:00~22:00まで開館","","月曜日、1月1日 ","地下鉄2号線「シチョン」駅10番出口    地下鉄5号線「ソデムン」駅6番出口    ","貞洞ソウル美術ソウル美術館ソウル市立美術館市庁韓国美術美術館芸術・アート","アクセシビリティエレベーターバリアフリートイレ体の不自由な方のための専用駐車場体の不自由な方のための案内所(車椅子レンタルなど)"
"2724","ja","ソウル歴史博物館","110-062 ソウル市鐘路区新門路2街 2-1","03177 ソウル市チョンノ(鐘路)区セムナンロ55 (新門路2街)","+82-2-724-0274","","http://www.museum.seoul.kr","平日 9:00～20:00 土・日曜・祝日 9:00～19:00 (11～2月／9:00～18:00)","","月曜日、1月1日","地下鉄5号線「クァンファムン」駅7番出口徒歩7分 地下鉄5号線「ソデムン」駅4番出口徒歩8分 地下鉄3号線「キョンボックン(政府ソウル庁舎)」駅7番出口徒歩10分  ","博物館ソウル歴史博物館歴史慶熙宮博物館・記念館展示企画展常設展","アクセシビリティエレベーターバリアフリートイレ体の不自由な方のための専用駐車場体の不自由な方のための案内所(車椅子レンタルなど)"
"1415","ja","ソンジョンヌン(宣靖陵)","135-090 ソウル市江南区三成洞 135-4","135-090 ソウル市カンナム(江南)区ソンルンロ100ギル1 (三成洞)","+82-2-568-1291","+82-2-568-0773","http://royaltombs.cha.go.kr/html/HtmlPage.do?pg=/new/html/portal_01_08_01.jsp&mn=RT_01_08","3月~10月 6:00-21:00 11月~1月 6:30-17:30 2月 6:00-18:00 ※ 入場は閉園1時間前まで可能 ※ 20:00以降の入場不可。夜間は照明のあるエリアのみ観覧可能","火曜日~日曜日","月曜日","地下鉄2号線/プンダン線「ソンルン」駅10番出口 地下鉄9号線/プンダン線「ソンジョンヌン」駅3番出口","靖陵ソウル公園公園デート文化遺産宣靖陵宣靖デート世界文化遺産ソウルの見どころソウル歴史的名所ソウルデート場所おすすめソンルン駅都市の中のユネスコ宣陵","アクセシビリティバリアフリートイレ体の不自由な方のための専用駐車場体の不自由な方のための案内所(車椅子レンタルなど)"
"37220","ja","チャンギョングン(昌徳宮)大温室"," ソウル市チョンノ(鍾路)区ワリョンドン(臥竜洞)2-1 ","03072 ソウル市チョンノ(鍾路)区チャンギョングンロ185 ワリョンドン(臥竜洞)チャンドックン(昌徳宮)","+82-2-762-4868~9","+82-2-762-9514","http://cgg.cha.go.kr/agapp/main/index.do?siteCd=CGG","9:00~18:00","火曜日~日曜日","毎週月曜日","地下鉄4号線「へファ」駅4番出口から700m","ソウルの名所昌徳宮チャンギョングンチャンギョングンデートチャンギョングン大温室チャンギョングンフォトスポット","体の不自由な方のための案内所(車椅子レンタルなど)"
"299","ja","チャンギョングン(昌慶宮)","110-360 ソウル市鍾路区臥竜洞 2-1","03072 ソウル市チョンノ(鐘路)区チャンギョングンロ185(ワリョン洞、チャンギョングン(昌慶宮) ","+82-2-762-4868","","http://jpn.cha.go.kr/public/html/HtmlPage.do?pg=/jpn/02/palace04_introduce.jsp&pageNo=2240000&siteCd=JPN","9:00-21:00(入場締切 20:00) ","火曜日~日曜日","月曜日","地下鉄4号線「ヘファ」駅4番出口から徒歩15分","昌慶宮夜の散歩デートコース夜間デート宮廷夜行ソウル見どころ韓国歴史的名所ソウル旅行コース韓国伝統文化ソウル夜景宮廷伝統韓国宮廷ソウル行ってみる価値のある場所","バリアフリートイレ体の不自由な方のための専用駐車場体の不自由な方のための案内所(車椅子レンタルなど)"
"302","ja","チャンドックン(昌徳宮)","110-360 ソウル市鐘路区臥龍洞2-71 ","03072 ソウル市チョンノ(鐘路)区ユルゴクロ99(臥龍洞、昌徳宮) ","+82-2-762-8261","+82-2-762-2070","http://www.cdg.go.kr","2-5月 9:00~18:00(入場締め切りは17:00) 6~8月 9:00-18:30(入場締め切りは17:30) 9-~10月 9:00-18:00(入場締め切りは17:00) 11~1月 9:00-17:30(入場締め切りは16:30) ","火曜日~日曜日","月曜日","地下鉄5号線「チョンノサムガ」駅6番出口徒歩10分 地下鉄3号線「アングク」駅3番出口徒歩5分 ","ソウルソウル韓服ツアーソウル旅行コース世界遺産ソウルデートコースソウルの必須旅行地韓国文化韓国旅行コース韓国の伝統ソウルが見どころソウル名所昌徳宮故宮ツアー","バリアフリートイレ体の不自由な方のための専用駐車場体の不自由な方のための案内所(車椅子レンタルなど)"
"2590","ja","チョゲサ(曹渓寺)","110-170 ソウル市鍾路区堅志洞 45","110-170 ソウル市チョンノ(鐘路)区ウジョングクロ55 (堅志洞)","+82-2-768-8600","+82-2-720-1391","http://www.jogyesa.kr/user/japan/","法会、祈祷、供養など日によって異なる。","","","地下鉄3号線「アングク」駅6番出口から徒歩10分 地下鉄5号線「クァンファムン」駅2番出口から徒歩15分 地下鉄1号線「チョンガク」駅2番出口から徒歩10分","歴史曹渓寺遺跡地・文化財寺仏教鐘路テンプルステイ","アクセシビリティ"
"1449","ja","チョンドン(貞洞)劇場 ","100-120 ソウル市中区貞洞 8‐11","04518 ソウル市チュン(中)区チョンドンギル43 (貞洞)","+82-2-751-1500","+82-2-751-1588","https://www.jeongdong.or.kr/portal/main/main.do","各公演によりスケジュールが異なります。 9:00～18:00","","月曜日","地下鉄5号線「ソデムン」駅5番出口から徒歩10分 地下鉄1号線「シチョン」駅1番、2番、12番出口から徒歩5～10分 地下鉄5号線「クァンファムン」駅6番出口","芸術・アート貞洞劇場公演会場","アクセシビリティバリアフリートイレ体の不自由な方のための専用駐車場"
"828","ja","チョンミョ(宗廟)","110-400 ソウル特別市鍾路区薫井洞1-2 ","03135 ソウル市チョンノ(鐘路)区チョンロ157 (薫井洞)","+82-2-765-0195","","http://jm.cha.go.kr/agapp/main/index.do?siteCd=JM","[2月~5月、9月~10月] 9:00-18:00(入場は17:00まで) [6月~8月] 9:00-18:30(入場は17:30まで) [11月~1月] 09:00~17:30(入場は16:30まで) ※ウェブサイトをご参照ください","","火曜日","地下鉄1号線/3号線/5号線「チョンノサムガ」駅8番、11番出口から徒歩5分","昌徳宮昌慶宮宗廟祭礼楽チョンミョ宗廟祭礼鐘路3街宗廟王家の霊廟光化門遺跡地・文化財ユネスコ世界文化遺産歴史重要無形文化財","アクセシビリティバリアフリートイレ体の不自由な方のための案内所(車椅子レンタルなど)"
"2048","ja","トクスグン(徳寿宮)","100-120 ソウル市中区貞洞 5-1","100-120 ソウル市チュン(中)区セジョンデロ99 (貞洞)","+82-2-771-9951","+82-2-771-9953","http://www.deoksugung.go.kr/","9:00-20:00(出札及び入場時間) 21:00(退場時間)","火曜日~日曜日","月曜日","地下鉄2号線「シチョン」駅12番出口徒歩5分 地下鉄1号線「シチョン」駅2番出口徒歩5分 ","徳寿宮ツアー高宗の道ソウルの夜景ソウル外出徳寿宮貞洞道韓国の伝統韓国旅行地ソウル歩きやすい道宮廷ツアー貞洞石垣道徳寿宮夜間ソウル韓国宮韓国の歴史宮","バリアフリートイレ体の不自由な方のための案内所(車椅子レンタルなど)"
"1791","ja","トサン(島山)公園","135-120 ソウル市江南区新沙洞 649-9","135-120 ソウル市カンナム(江南)区トサンデロ45ギル20 (新沙洞)","+82-2-3423-6245","","","公園24時間、トサン(島山)記念館毎日 10:00~17:00","","年中無休 (トサン(島山)記念館は日曜日、旧正月と秋夕(旧盆)の各連休、聖誕祭)","地下鉄3号線「アックジョン」駅2番、3番出口から徒歩10分","歴史アプクジョン江南狎鴎亭展示公園島山公園","アクセシビリティバリアフリートイレ"
"75","ja","ナムサン(南山)ソウルタワー","140-022 ソウル市龍山区龍山洞2街 山1-3","04340 ソウル市ヨンサン(龍山)区ナムサンゴンウォンギル105 (龍山洞2街)","+82-2-3455-9277","","http://www.seoultower.co.kr/jp","平日 12:00-21:00 週末及び祝日11:00-21:00   ※ 終了時間30前まで入場可能 ※ レストランの運営時間は店舗により異なります。ウェブサイトでご確認ください。","年中無休","なし","地下鉄6号線「イテウォン」駅4番出口から03番バスに乗りナムサン(南山)ソウルタワー下車    地下鉄3号線「トンデイック」駅6番出口から02番バスに乗りナムサン(南山)ソウルタワー下車    地下鉄3号線「チュンムロ」駅2番出口から02番バスに乗りナムサン(南山)ソウルタワー下車    ","南山ソウルタワーナムサンソウルタワー南山Nソウルタワーランドマークケーブルカーソウル夜景展望台","アクセシビリティエレベーターバリアフリートイレ体の不自由な方のための案内所(車椅子レンタルなど)"
"11611","ja","ハンソンベクチェ(漢城百済)博物館","138-050 ソウル市松坡区方荑洞 88-20 漢城百済博物館","138-050 ソウル市ソンパ(松坡)区ウィレソンデロ71 (方荑洞)ハンソンベクチェ(漢城百済)博物館","+82-2-2152-5900～7","+82-2-2152-5908","","平日／9:00～21:00、週末･祝日／9:00～19:00","","月曜日および1月1日","地下鉄8号線「モンチョントソン」駅1番出口から右手(南2門方面)に650m進んだ先に位置 地下鉄5号線(馬川方面)「オリンピックゴンウォン(韓国体大)」駅3番出口から南2門方面に1km進んだ先に位置  ","博物館高句麗漢城蚕室ハンソンベクチェ博物館百済漢城百済博物館オリンピック公園新羅4D映像体験文化財","アクセシビリティエレベーターバリアフリートイレ体の不自由な方のための専用駐車場体の不自由な方のための案内所(車椅子レンタルなど)"
"23771","ja","ホ・ジュン(許浚)博物館","157-202 ソウル市江西区加陽洞26-5 ","07525 ソウル市江西区加陽洞 (加陽洞)","+82-2-3661-8686","+82-2-3661-8639","http://www.heojun.seoul.kr/museum/japanese","平日 3月～10月／10:00-18:00、11月～2月／10:00-17:00 土曜日・日曜日・祝日 10:00-17:00 ※ 入場は閉館1時間前まで","","月曜日、1月1日、旧正月及び秋夕(旧暦8月15日)当日","地下鉄9号線「カヤン」駅1番出口徒歩10分 地下鉄5号線「パルサン」駅3番出口より6657番、1002番バスに乗り換え「コンジン中学校、ホジュン博物館」で下車 ","体験館韓方漢方展示許浚歴史博物館ホ・ジュン許浚博物館韓医学博物館","体の不自由な方のための案内所(車椅子レンタルなど)"
"780","ja","ポンウンサ(奉恩寺)","135-870 ソウル市江南区三成洞 73","06087 ソウル市カンナムグ(江南区)ポンウンサロ531  (三成洞)","+82-2-3218-4800","+82-2-544-2141","http://www.bongeunsa.org ","日によって異なる","","","地下鉄7号線「チョンダム」駅2番出口からキョンギコ(京畿高)方向へ150m 地下鉄2号線「サムソン(三成)」駅6番出口からASEMタワーの方向へ約100m","仏教COEX遺跡地・文化財テンプルステイ奉恩寺コエックス燃灯行列寺ソウル寺院","バリアフリートイレ体の不自由な方のための専用駐車場体の不自由な方のための案内所(車椅子レンタルなど)"
"11473","ja","ミョンドン(明洞)観光情報センター"," ソウル市中区乙支路2街 181 外換銀行本店別館1階"," ソウル市チュン(中)区ウルチロ66 (乙支路2街)","+82-2-778-0333","","http://www.facebook.com/MyeongdongTouristInformationCenter","ミョンドン(明洞)観光情報センター / ギフトショップ 09:00～18:00","","旧正月および秋夕(旧暦8月15日)当日 毎週日曜日","地下鉄2号線「ウルチロイプク」駅 5番、6番出口","観光案内観光案内情報センター明洞ランドマーク","アクセシビリティ"
"4038","ja","ミョンドン・ソンダン(明洞聖堂)","100-022 ソウル市中区明洞2街 1-1","100-022 ソウル市チュン(中)区ミョンドンギル74 (明洞2街)","+82-2-774-1784","","http://www.mdsd.or.kr","","","日曜日","地下鉄4号線「ミョンドン」駅9番出口から徒歩10分 地下2号線「ウルチロイプク」駅5番出口から徒歩15～20分 地下2号線「ウルチロサムガ」駅12番出口から徒歩10分","明洞主教座聖堂歴史ソウル宗教施設ソウル聖堂ゴシック明洞聖堂遺跡地・文化財キリスト教","アクセシビリティエレベーターバリアフリートイレ体の不自由な方のための専用駐車場"
"11662","zh-TW","國立現代美術館(首爾館)","110-200 首爾市鍾路區昭格洞165 ","03062 首爾市鍾路區三清路30   ","","","http://www.mmca.go.kr/","10:00~18:00(週三、週六延長開放至21:00)","週一~週日","元旦、春節與中秋節","3號線安國站1號出口","光化門景福宮北村韓屋村景福宮站安國站國立現代美術館三清洞歷史文化美術館","殘疾人士服務台(租借輪椅等)無障礙停車場無障礙坡道無障礙廁所電梯"
"22429","ja","モンチョン(夢村)歴史館","138-749 ソウル市松坡区芳荑洞 88-3","05540 ソウル市ソンパ(松坡)区オリンピックロ424 (芳荑洞)","+82-2-2152-5900","+82-2-424-4205","http://baekjemuseum.seoul.go.kr/dreamvillage/","9:00-18:00 ","","月曜日、1月1日","地下鉄5号線「オリンピックゴンウォン(韓国体大)」駅3番出口    地下鉄8号線「モンチョントソン」駅1番出口 ","歴史文化体験遺跡歴史夢村土城風納土城夢村歴史館博物館展示百済百済時代オリンピック公園","アクセシビリティバリアフリートイレ"
"1165","ja","ヤンファジン(楊花津)外国人宣教師墓地","121-883 ソウル市麻浦区合井洞 144","04084 ソウル市マポ(麻浦)区ヤンファジンギル46 (合井洞)","+82-2-332-9174","+82-02-332-9175","http://www.yanghwajin.net/v2/index.html","10:00～17:00 ","","日曜日、1月1日、旧正月及び秋夕(旧暦8月15日)連休、クリスマス","地下鉄2号線/6号線「ハプチョン」駅7番出口から徒歩10分","ソウル記念館ハプジョン駅弘大楊花津外国人宣教師墓地歴史合井駅遺跡地・文化財","アクセシビリティバリアフリートイレ体の不自由な方のための専用駐車場"
"21384","ja","ロッテワールドタワー","138-240 ソウル市松坡区新川洞 29","05551 ソウル市ソンパ(松坡)区オリンピックロ300 (新川洞)","+82-2-3213-5000","","https://www.lwt.co.kr/jp/main/main.do","施設によって異なる (ウェブサイト参照)","","年中無休","地下鉄2号線｢チャムシル｣駅2番出口徒歩5分 地下鉄8号線｢チャムシル｣駅11番出口徒歩5分","アクアリウムソウルスカイ免税店ロッテワールドモール展望台123階蚕室ショッピングモールロッテワールドタワー","アクセシビリティエレベーターバリアフリートイレ体の不自由な方のための専用駐車場体の不自由な方のための案内所(車椅子レンタルなど)"
"5468","ja","世宗・忠武公ストーリー","110-050 ソウル市鐘路区世宗路 81-3 世宗文化会館 地下2階","110-050 ソウル市チョンノ(鐘路)区セジョンデロ175 (世宗路)世宗文化会館地下2階世宗ストーリー","+82-2-399-1000","","http://www.sejongstory.or.kr","10:30-18:30(入場は18:00まで)","","月曜日(祝祭日が月曜日と重なった場合は開館、翌日の平日は休館)","地下鉄1号線｢チョンガク｣駅1番出口    地下鉄5号線｢クァンファムン｣駅2番出口    地下鉄3号線｢キョンボックン(政府ソウル庁舎)｣駅6番出口","光化門世宗物語・忠武公物語博物館・記念館光化門広場歴史李舜臣世宗・忠武公ストーリー忠武公物語世宗物語世宗大王ソウル観光","アクセシビリティエレベーターバリアフリートイレ体の不自由な方のための案内所(車椅子レンタルなど)"
"5465","zh-TW","世宗故事 ‧ 忠武公故事館","110-050 首爾市鐘路區世宗路81-3 世宗文化會館B2樓","110-050 首爾市鍾路區世宗大路175 ","+82-2-399-1000","","http://www.sejongstory.or.kr/ch/main.asp","10:30~18:30 (最後入場時間18:00)","週二~週日","週一(若遇韓國國定假日，則照常開館，並於隔日之平日公休)","3號線景福宮站6號出口光化門方向步行200公尺 5號線光化門站2號出口光化門方向步行30公尺","李舜臣鐘閣站紀念館光化門站世宗文化會館文化歷史世宗大王世宗故事忠武公故事館博物館景福宮站","殘疾人士服務台(租借輪椅等)無障礙坡道無障礙廁所電梯"
"5466","zh-CN","世宗故事• 忠武公故事","110-050 首尔市钟路区世宗路 81-3 世宗文化会馆 B2","110-050 首尔特别市钟路区世宗路81-3号世宗文化会馆地下2层（世宗大道175号世宗故事） ","+82-2-399-1000","","http://yisunshinstory.or.kr"," 10:30~18:30( 入场截止至 18:00 )","周二~周日","周一(若遇韩国法定假日，则顺延至次日)","5号线 光化门站27号出口光化门方向200米   ","世宗• 忠武公故事展览馆景福宫光华门历史李舜臣纪念馆文化博物馆","无障碍坡道残疾人指南(轮椅租借及其他)残疾人洗手间电梯"
"26338","zh-CN","东大门历史馆常设展览馆重新开馆","100-197 首尔市中区乙支路7街2-1 ","04566 首尔市中区乙支路281 (乙支路7街 2-1) 东大门历史公园内","+82-2-2153-0200","+82-2-2034-0697","http://www.museum.seoul.kr/index.jsp","10:00~18:00","请在活动期间咨询活动相关工作人员","每周一 1月 1日","2号线 东大门历史文化公园站12号出口","首尔历史博物馆东大门站博物馆展会训练院与-下都监东大门历史馆参观文化遗产东大门历史文化公园","无障碍坡道残疾人指南(轮椅租借及其他)残疾人洗手间电梯"
"21476","zh-CN","乐天世界塔","138-240 首尔市松坡区新川洞29 ","05551 首尔松坡区奥林匹克路 300 (新川洞) ","+82-02-3213-5000","","https://www.lwt.co.kr/cn/main/main.do","其他设施请参照官网  ","","全年无休 ","2号线 蚕室站2号出口步行5分钟 8号线 蚕室站11号出口步行5分钟","乐天百货店123层乐天世界购物中心乐天世界塔蚕室展望台SEOUL SKY水族馆展望台","无障碍坡道残疾人专用停车场残疾人指南(轮椅租借及其他)残疾人洗手间电梯"
"820","zh-CN","云岘宫","110-350 首尔市钟路区三一大路464  ","03131 首尔市钟路区三一大路464  ","+82-2-766-9090","+82-2-742-3900","http://unhyeongung.or.kr ","09:00 ~ 18:00 （最后入场 17:30 / 因应疫情缩短开放时间）","周二 ~ 周日","每周一(如周一为国家规定的公休日，当天开放)","3号线 安国站4号出口50米前    5号线 钟路3街站5号出口(安国站方向)300米前   ","首尔古宫约会地点云岘宫首尔景点首尔散步宗庙首尔旅游首尔行程首尔首尔古宫旅游韩国古宫","无障碍坡道残疾人洗手间"
"1899","zh-TW","光化門廣場"," 首爾特別市鐘路區世宗路 1-68"," 首爾市鐘路區世宗大路172 ","+82-2-120","","http://plaza.seoul.go.kr/gwanghwamun","24小時開放","星期一 ~ 星期日","","3號線景福宮站67號出口，外換銀行方向 5號線光化門站1號、2號、8號出口 1號線市廳站3號出口出來後，經過德壽宮之後往koreana酒店方向","世宗文化會館景福宮光化門站歷史李舜臣將軍光化門清溪川光化門廣場地標","無障礙坡道無障礙廁所"
"280","zh-TW","南山谷韓屋村","100-272 首爾中區筆洞2街 84-1 ","04626 首爾市中區退溪路34街28 ","+82-2-2261-0517","","https://www.hanokmaeul.or.kr/en","夏季(4月～10月)09:00~21:00 冬季(11月～3月)09:00~20:00  -傳統庭園開放時間 24小時開放","週二 - 週日","週一","3、4號線忠武路站3、4號出口步行10分鐘   ","首爾打卡景點首爾南山首爾約會景點首爾行程首爾人氣景點首爾旅行南山漫步路首爾景點首爾與孩子一起出遊南山公園南山谷韓屋村韓國韓屋景點","無障礙坡道無障礙廁所"
"1793","zh-TW","島山公園","135-120 首爾江南區新設洞 649-9","135-120 首爾市江南區島山大路45街20 ","+82-2-3423-6245","","","公園24小時開放 島山紀念館：每天 10:00~ 17:00","週一~週日","公園：全年無休 島山紀念館：週一、新年連休、中秋連休、聖誕節","3號線狎鷗亭站3號出口約500公尺(建議搭乘計程車) ","江南區島山公園紀念館歷史古蹟探訪安昌浩狎鷗亭","無障礙坡道無障礙廁所"
"279","zh-CN","南山谷韩屋村","100-272 首尔中区笔洞2街 ","04626 首尔市中区退溪路34街28 ","+82-2-2261-0517","","https://www.hanokmaeul.or.kr/en","夏季(4月~10月) 09:00~21:00 冬季(11月~3月) 09:00~20:00  -传统庭园开放时间 24小时开放","周二 - 周日","周一","34号线 忠武路站34号出口出来后步行10分钟    ","南山公园首尔与孩子一起出游首尔行程南山谷韩屋村首尔南山南山漫步路首尔旅行韩国韩屋景点首尔人气景点首尔打卡景点首尔景点首尔约会景点","无障碍坡道残疾人洗手间"
"76","zh-CN","南山首尔塔","140-022 首尔龙山区龙山洞2街 山 1-3 ","04340 首尔龙山区南山公园路 105 (龙山洞2街 YTN首尔塔) ","+82-2-3455-9277","","http://www.nseoultower.co.kr/","平日：12:00至21:00 周末/公休日：11:00至21:00  * 截止时间30分钟前可入场 * 餐厅的运营时间因各商店不同，详情可参考网站","","","3号线 东大入口站6号出口出来换乘2号公车在首尔塔下车    3号线 忠武路站2号出口出来换乘2号公车在首尔塔下车    6号线 梨泰院站4号出口出来换乘3号公车在首尔塔下车    ","首尔约会缆车夜景首尔夜景明洞首尔约会场所瞭望台N首尔塔首尔夜景名胜南山塔南山首尔塔南山塔瞭望台","无障碍坡道残疾人指南(轮椅租借及其他)残疾人洗手间电梯"
"78","zh-TW","南山首爾塔","140-022 首爾市龍山區龍山洞2街山1-3 ","04340 首爾市龍山區南山公園街105 ","+82-2-3455-9277","","http://www.seoultower.co.kr/cn/","平日:12:00至21:00 週末/公休日:11:00至21:00  * 截止時間30分鐘前可入場 * 餐廳的運營時間因各商店不同，詳情可參考網站","","","6號線梨泰院站4號出口，搭乘03號公車在首爾塔下車    3號線忠武路站2號出口，搭乘02號公車在首爾塔下車    3號線東大入口站6號出口，搭乘02號在首爾塔下車   ","纜車N首爾塔南山塔南山首爾塔夜景瞭望台首爾約會首爾夜景名勝明洞南山塔瞭望台首爾夜景首爾約會場所","殘疾人士服務台(租借輪椅等)無障礙坡道無障礙廁所電梯"
"5764","ja","国会議事堂","150-701 ソウル市永登浦区汝矣島洞1 国会議事堂","150-701 ソウル市ヨンドゥンポ(永登浦)区ウィサダンデロ1 (汝矣島洞)国会議事堂","+82-2-788-2114","+82-2-788-3664","http://korea.assembly.go.kr/","平日／9:00～17:00、土／9:00～16:00 日曜日、祝祭日、国会開院記念日(5/31)は休館 ※ 入場は閉館の1時間前まで","","","地下鉄9号線｢ククェウィサダン｣駅1番、6番出口","国会図書館韓国の政治政府機関国会議事堂ランドマーク議員会館","アクセシビリティエレベーターバリアフリートイレ体の不自由な方のための専用駐車場体の不自由な方のための案内所(車椅子レンタルなど)"
"5766","zh-CN","国会议事堂","150-701 首尔市永登浦区汝矣岛洞1 ","150-701 首尔特别市永登浦区汝矣岛洞1号（议事堂大道1号国会议事堂） ","+82-2-788-2114","+82-2-788-3664","http://www.assembly.go.kr","09:00~18:00  (周六、周日 09:00~17:00) - 入场时间截至闭馆前1小时","周一~周六","每个月第2个和第4个周日、法院公休日、国会开馆纪念日(5月31日)","9号线 国会议事堂站16号出口","地标国会图书馆历史休闲国会议事堂汝义岛民主主义人权国会议事堂站国会","无障碍坡道残疾人专用停车场残疾人指南(轮椅租借及其他)残疾人洗手间电梯"
"35532","ja","国立ハングル博物館"," ソウル市龍山区龍山洞6街168-6 ","04383 ソウル市ヨンサン(龍山)区ソビンゴロ139 (龍山洞6街)","+82-2-2124-6200","","https://www.hangeul.go.kr/lang/jp/","月曜日～日曜日","10:00 - 18:00","1月1日、お正月当日、お盆当日 ※ハングル図書館休館日は、土曜日、日曜日、祝日(ハングルの日を除く)","地下鉄4号線・京義中央線「イチョン」駅2番出口","世宗大王ハングル国立ハングル博物館ハングル博物館訓民正音","アクセシビリティエレベーターバリアフリートイレ体の不自由な方のための専用駐車場体の不自由な方のための案内所(車椅子レンタルなど)"
"805","ja","国立中央博物館","140-797 ソウル市龍山区龍山洞6街168-6 ","04383 ソウル市ヨンサン(龍山)区ソビンゴロ137 (龍山洞6街)","+82-2-2077-9000","","http://www.museum.go.kr","月曜日、火曜日、木曜日、金曜日、日曜日 10:00~18:00 水曜日、土曜日 10:00~21:00 ※ 入館は閉館終了時間の30分前まで ","","1月1日、旧正月及び秋夕(旧暦8月15日)","地下鉄4号線/キョンイ・チュンアン線「イチョン」駅2番出口からヨンサン(龍山)家族公園方面へ150m","常設展示ソウル博物館国立中央博物館国立博物館龍山区博物館・記念館歴史","アクセシビリティエレベーターバリアフリートイレ体の不自由な方のための専用駐車場体の不自由な方のための案内所(車椅子レンタルなど)"
"811","zh-CN","国立中央博物馆","140-797 首尔市龙山区龙山洞6街 168-6 ","04383 首尔市龙山区西冰库路137 ","+82-2-2077-9000","","http://www.museum.go.kr","周一、周二、周四、周五、周日 10:00 ~ 18:00 周三、周六 10:00 ~ 21:00 ","","每逢1月1日，春节1月25日及中秋节10月1日（2020年基准）","4号线中央线 二村站2号出口出来后，向龙山家族公园方向步行150米   ","展览馆梨泰院文化传统文化博物馆国立中央博物馆","无障碍坡道残疾人专用停车场残疾人指南(轮椅租借及其他)残疾人洗手间电梯"
"20619","zh-CN","国立古宫博物馆","110-820 首尔钟路区世宗路 1-57 ","03045 首尔钟路区孝子路 12 (世宗路国立古宫博物馆) ","+82-2-3701-7500","","http://www.gogung.go.kr/main.do"," 10:00~18:00 (周三·周六 10:00~21:00)","","全年无休","3号线 景福宫站5号出口","国立古宫博物馆景福宫站首尔旅游博物馆旅游景点遗产展示","无障碍坡道残疾人专用停车场残疾人指南(轮椅租借及其他)残疾人洗手间"
"20618","ja","国立古宮博物館","110-820 ソウル市鐘路区世宗路 1-57","03045 ソウル市チョンノ(鐘路)区ヒョジャロ12 (世宗路)国立古宮博物館","+82-2-3701-7500","","http://www.gogung.go.kr/main.do","10:00-18:00 水曜日及び土曜日は21:00まで開館 ※入館は閉館時間の1時間前まで","","年中無休","地下鉄3号線｢キョンボックン(政府ソウル庁舎)｣駅5番出口","国立古宮博物館景福宮古宮文化財朝鮮王朝時代観光スポット遺物ソウル観光博物館","アクセシビリティバリアフリートイレ体の不自由な方のための専用駐車場体の不自由な方のための案内所(車椅子レンタルなど)"
"35555","zh-TW","國立韓古爾博物館"," 首爾市龍山區龍山洞6街168-6 ","04383 首爾市龍山區西冰庫路139(龍山洞6街) 首爾特別市龍山區西冰庫路139","+82-2-2124-6200","","https://www.hangeul.go.kr/lang/ch/","週一～週日","10:00 - 18:00","1月1日春節當日中秋當日 *韓文圖書館公休日：週六、週日、公休日(韓文日除外)","4號線京義中央線 二村站2號出口","韓文訓民正音國立韓古爾博物館韓文博物館世宗大王","殘疾人士服務台(租借輪椅等)無障礙停車場無障礙坡道無障礙廁所電梯"
"1644","zh-CN","国立民俗博物馆","110-050 首尔市钟路区世宗路 1-1","110-050 首尔市钟路区三清路37 ","+82-2-3704-3114","+82-2-3704-3113","https://www.nfm.go.kr/home/subIndex/201.do","3 ~5月 09:00 ~ 18:00 入场截止至17:00 6~8月 09:00~18:30  入场截止至17:00，周六 ·周日 · 公休日 09:00~19:00 (入场截止至18:00) 9-10月 9:00 ~ 18:00 (入场截止至17:00) 11-2月 9:00 ~ 17:00 (入场截止至16:00) ※ 每月最后一周周三（文化日)·周五·周六 9:00~21:00(入场截止至20:00)","星期一~星期天 ","年中无休","3号线 景福宫站5号出口出来，徒步约15分钟  3号线 安国站1号出口出来，徒步约15分钟  5号线 光化门站2号出口出来，徒步约15分钟 ","韩国传统文化光华门国立民俗博物馆景福宫博物馆文化","无障碍坡道残疾人专用停车场残疾人指南(轮椅租借及其他)残疾人洗手间"
"40772","zh-CN","国立气象博物馆","  ","03178 首尔特别市  钟路区  松月街 52 ","+82-70-7850-8493 ","","https://science.kma.go.kr/museum","10:00 - 18:00","周二 - 周日","每周一，1月1日，春节及中秋当天 ","5号线 西大门站 4号出口","测雨器樱花历史最悠久的测雨台测雨台枫叶庆熙宫国立气象博物馆汉阳都城天气百年观测所首尔气象观测所","无障碍坡道残疾人专用停车场残疾人指南(轮椅租借及其他)残疾人洗手间"
"40771","ja","国立気象博物館","  ","03178 ソウル特別市チョンノ(鐘路)区ソンウォルギル52 ","+82-70-7850-8493 ","","https://science.kma.go.kr/museum","10:00~18:00","火曜日～日曜日","毎週月曜日、1月1日、旧正月及び秋夕(旧暦8月15日)当日","地下鉄5号線「ソデムン」駅4番出口","キョンヒグン天気ソウル気象観測所測雨器慶熙宮100年観測所最も古い測雨器桜紅葉国立気象博物館ハニャン都城測雨台","アクセシビリティバリアフリートイレ体の不自由な方のための専用駐車場体の不自由な方のための案内所(車椅子レンタルなど)"
"11660","zh-CN","国立现代美术馆首尔馆"," 首尔市钟路区三清路30号 "," 首尔市钟路区昭格洞165 ","","","http://www.mmca.go.kr/chn/?menuId=1000000000","周一、二、四、五、日: 10:00 ~ 18:00 周三、六 : 10:00  ~ 21:00（晚间 18:00~21:00 夜间开放）","周一~周日","定期休馆: 1月1日、春节、中秋节","3号线 安国站1号出口朝北村方向步行8分钟  ","现代美术美术馆展览艺术光华门国立现代美术馆首尔馆","无障碍坡道残疾人专用停车场残疾人指南(轮椅租借及其他)残疾人洗手间电梯"
"11661","ja","国立現代美術館ソウル館","110-200 ソウル市鐘路区昭格洞165 ","110-200 ソウル市チョンノ(鐘路)区サムチョンロ30 (昭格洞)","","","http://www.mmca.go.kr/","月曜日、火曜日、木曜日、金曜日、日曜日 10:00~18:00 水曜日、土曜日 10:00~21:00 * 18:00~21:00 夜間開場 * 発券時間:観覧終了1時間前まで可能","月曜日~日曜日","1月1日、旧正月及び秋夕(旧暦8月15日)","3号線「アングク」駅1番出口からプクチョンロ(北村路)方面、またはサムチョンロ(三清路)民俗博物館方面","美術館昭格洞光化門ソウル国立美術館アングク駅国立現代美術館ソウル館三清洞芸術・アート複合文化芸術センター","アクセシビリティエレベーターバリアフリートイレ体の不自由な方のための専用駐車場体の不自由な方のための案内所(車椅子レンタルなど)"
"35541","zh-CN","国立韩古尔博物馆","  ","04383 首尔特别市龙山区西冰库路139，国立韩古尔博物馆 ","+82-2-2124-6200","","https://www.hangeul.go.kr/lang/ch/","周一 - 周日","10:00 - 18:00","1月1日 春节当天 中秋节当天 * 韩文图书馆休馆日:周六、周日、公休日（韩文日除外）","4号线 京义中央线 二村站 2号出口","国立韩古尔博物馆韩文训民正音韩文博物馆世宗大王","无障碍坡道残疾人专用停车场残疾人指南(轮椅租借及其他)残疾人洗手间电梯"
"20607","zh-CN","国立韩文博物馆","140-026 首尔龙山区龙山洞6街 168-6 ","04383 首尔龙山区西冰库路 139 (龙山洞6街韩文博物馆) ","+82-02-2124-6200","","http://www.hangeul.go.kr/main.do","10:00~18:00 (周一~周五周日公休日) 10:00~21:00 (周六每月最后一周的周三) ※请在结束前30分钟入场","","元旦春节当天中秋节当天","4号线二村站2号出口 京义中央线二村站 2号出口 京义中央线西冰库站 1号出口","韩语西冰库站韩文国立韩文博物馆二村站博物馆展示观光地观览","无障碍坡道残疾人专用停车场残疾人指南(轮椅租借及其他)残疾人洗手间电梯"
"5767","zh-TW","國會議事堂","150-701 首爾市永登浦區汝矣島洞1 ","150-701 首爾市永登浦區議事堂大路1 ","+82-2-788-2114","+82-2-788-3664","http://www.assembly.go.kr","09:00~18:00  週六、日 09:00~17:00","週一~週日","每月第2個、第4個星期日、國定假期、國會建館紀念日(5月31日)","地鐵9號線國會議事堂站1、6號出口  ","國會議事堂站國會議事堂國會圖書館汝矣島歷史國會議員會館","殘疾人士服務台(租借輪椅等)無障礙停車場無障礙坡道無障礙廁所電梯"
"819","zh-TW","國立中央博物館","140-797 首爾市龍山區龍山洞6街 168-6 ","04383 首爾市龍山區西冰庫路137 ","+82-2-2077-9000","","http://www.museum.go.kr","週一、週二、週四、週五、週日 10:00 ~ 18:00 週三、週六 10:00 ~ 21:00","週一~週日","元旦、春節、中秋節","中央線、4號線二村站2號出口出來，往龍山家庭公園方向約150公尺","紀念館國立中央博物館博物館龍山區二村傳統","殘疾人士服務台(租借輪椅等)無障礙停車場無障礙坡道無障礙廁所電梯"
"20603","zh-TW","國立古宮博物館","110-820 首爾市鍾路區世宗路1-57 ","03045 首爾市鍾路區孝子路12(世宗路) ","+82-2-3701-7500","","http://www.gogung.go.kr/fore/main.do?pLng=cn","10:00~18:00  ※ 週三、週六開放至21:00 ※ 閉館前1小時截止入場","週一~週日","元旦、春節、中秋","3號線景福宮站5號出口","文化財景福宮站首爾觀光國立古宮博物館觀光景點博物館文物展覽","殘疾人士服務台(租借輪椅等)無障礙停車場無障礙坡道無障礙廁所"
"1648","zh-TW","國立民俗博物館","110-050 首爾市鍾路區世宗路 1-1","110-050 首爾市鍾路區三清路37 ","+82-2-3704-3114","+82-2-3704-3113","https://www.nfm.go.kr/home/index.do","3~10月 09:00 ~ 18:00 (最後入場17:00) 11~2月 9:00 ~ 17:00 (最後入場16:00)   ※ 6~ 8月週六、週日、國定假日 09:00~19:00 (最後入場18:00)  ","","元旦、春節、中秋","3號線景福宮站5號出口步行5分鐘  3號線安國站1號出口步行15分鐘  5號線光化門站2號出口步行15分鐘 ","傳統博物館國立民俗博物館景福宮紀念館","殘疾人士服務台(租借輪椅等)無障礙停車場無障礙坡道無障礙廁所"
"40773","zh-TW","國立氣象博物館","  ","03178 首爾市鐘路區松月路52 ","+82-70-7850-8493 ","","https://science.kma.go.kr/museum","10:00 -18:00","週二-週日","每週一1月1日春節與中秋當日","5號線 西大門站 4號出口","百年觀測所國立氣象博物館天氣歷史最悠久的測雨台楓葉漢陽都城櫻花測雨台測雨器慶熙宮首爾氣象觀測所","殘疾人士服務台(租借輪椅等)無障礙停車場無障礙坡道無障礙廁所"
"20606","zh-TW","國立韓文博物館(國立韓古爾博物館)","140-026 首爾市龍山區龍山洞6街168-6 ","04383 首爾市龍山區西冰庫路139 (龍山洞6街) ","+82-2-2124-6200","","http://www.hangeul.go.kr/lang/ch/","10:00~18:00 (週一~週五、週日、國定假日) 10:00~21:00 (週六、每月最後一週週三) ※最後入場時間為閉館前30分鐘","","元旦、春節與中秋節當天","京義中央線、4號線二村站2號出口 京義中央線西冰庫站1號出口","西冰庫站韓文遊樂場韓文博物館國立韓文博物館展覽觀光景點訓民正音二村站","殘疾人士服務台(租借輪椅等)無障礙停車場無障礙坡道無障礙廁所電梯"
"22052","zh-TW","夢村歷史館","138-749 首爾市松坡區芳荑洞88-3 ","05540 首爾市松坡區奧林匹克路424 (夢村歷史館) ","+82-2-2152-5900","+82-2-424-4205","http://baekjemuseum.seoul.go.kr/dreamvillage/","09:00~18:00","週二~週日","週一、元旦","5號線奧林匹克公園站3號出口    8號線夢村土城站1號出口","展覽百濟遺跡夢村歷史館歷史文化體驗歷史奧林匹克公園文物風納土城博物館夢村土城","無障礙坡道無障礙廁所"
"6669","ja","大韓民国歴史博物館"," ソウル市鐘路区世宗路82-1 "," ソウル市チョンノ(鐘路)区セジョンデロ198 (世宗路)","+82-2-3703-9200","+82-2-3703-9216","http://www.much.go.kr/ja/mainja.do","月曜日 | 火曜日 | 木曜日 | 金曜日 | 日曜日 10:00-18:00 水曜日 | 土曜日 10:00-21:00","毎日","1月1日、旧正月、秋夕","地下鉄3号線「キョンボックン」駅6番出口 地下鉄5号線「クァンファムン」駅2番出口 地下鉄1号線「チョンガク」駅1番、2番出口","大韓民国歴史博物館歴史展望台光化門博物館・記念館歴史博物館夜景","アクセシビリティエレベーターバリアフリートイレ体の不自由な方のための専用駐車場体の不自由な方のための案内所(車椅子レンタルなど)"
"6671","zh-TW","大韓民國歷史博物館"," 首爾市鍾路區世宗路82-1 "," 首爾市鍾路區世宗大路198 ","+82-2-3703-9200","+82-2-3703-9216","http://www.much.go.kr/zh/mainzh.do","* 週一、二、四、五、日10:00~18:00 * 週三、六 10:00~21:00 * 閉館前一小時截止入場","週一至週日","元旦、春節、中秋節","3號線景福宮站6號出口 5號線光化門站2號出口 1號線鐘閣站1、2號出口","光化門景福宮站夜景獨立宣言博物館歷史文化歷史博物館光化門站大韓民國歷史博物館鐘閣站展覽紀念館","殘疾人士服務台(租借輪椅等)無障礙停車場無障礙坡道無障礙廁所電梯"
"6670","zh-CN","大韩民国历史博物馆"," 首尔市钟路区世宗路82-1 "," 首尔市钟路区世宗大路198 ","+82-2-3703-9200","+82-2-3703-9216","http://www.much.go.kr/zh/mainzh.do","周一，周二，周四，周五，周日：10:00 - 18:00 / 周三，周六：10:00 - 21:00","每日","1月1日，元旦，中秋","3号线 景福宫站6号出口 5号线 光化门站2号出口 1号线 钟阁站1 2号出口","光华门大韩民国历史博物馆博物馆历史钟阁展览夜景文化历史展望台","无障碍坡道残疾人专用停车场残疾人指南(轮椅租借及其他)残疾人洗手间电梯"
"783","zh-CN","奉恩寺","135-870 首尔市江南区奉恩寺路531  ","06087 首尔市江南区奉恩寺路531  ","+82-2-3218-4800","+82-2-544-2141","http://www.bongeunsa.org/","受法会、祷告、参佛等寺院活动日程安排的影响，开放时间可能会有变化。 ","","","7号线 清潭站2号出口出来后，向京畿高中方向150米    2号线 三成站6号出口出来后，向亚欧会议塔方向100米    ","寺庙江南奉恩寺莲花灯会奉恩寺站COEX宗教佛教","残疾人专用停车场残疾人指南(轮椅租借及其他)残疾人洗手间"
"787","zh-TW","奉恩寺","135-870 首爾市江南區奉恩寺路531  ","06087 首爾市江南區奉恩寺路531  ","+82-2-3218-4800","+82-2-544-2141","http://www.bongeunsa.org/","隨著法會、參佛等寺廟活動會有所變動","","","7號線清潭站2號出口出來，往京畿高中方向步行150公尺    2號線三成站6號出口出來，往ASEM Tower方向步行100公尺    ","三成站奉恩寺寺廟寄宿江南宗教聖地佛教COEX","殘疾人士服務台(租借輪椅等)無障礙停車場無障礙廁所"
"833","zh-CN","宗庙","110-400 首尔锺路区锺路 157 ","03135 首尔市钟路区钟路157 ","+82-2-765-0195","","http://jm.cha.go.kr/agapp/main/index.do?siteCd=JM","2至5月、9~10月：09:00~18:00 (17:00截止入场) 6至8月：09:00~18:30 (17:30截止入场) 11至1月：09:00~17:30 (16:30截止入场) (※ 请参考官网)","","周二","135号线 钟路3街站11号出口出来后，步行5分钟 ","昌德宫昌庆宫宗庙光华门宗庙祭礼乐钟路三街站","无障碍坡道残疾人指南(轮椅租借及其他)残疾人洗手间"
"839","zh-TW","宗廟","110-400 首爾特別市鍾路區鍾路 157 ","03135 首爾市鍾路區鍾路157 ","+82-2-765-0195","","http://jm.cha.go.kr","2至5月、9~10月：09:00~18:00 (17:00截止入場) 6至8月：09:00~18:30 (17:30截止入場) 11至1月：09:00~17:30 (16:30截止入場) (※ 請參考官網)","","週二","1號線鍾路3街站11號出口步行約5分鐘   3、5號線鍾路3街站8號出口步行5分鐘 ","古蹟探訪世界文化遺產宗廟昌慶宮宗廟社稷昌德宮傳統光化門","殘疾人士服務台(租借輪椅等)無障礙坡道無障礙廁所"
"1416","zh-CN","宣靖陵","135-090 首尔市江南区三成洞 133-2","135-090 首尔市江南区宣陵路100街1 ","+82-2-568-1291","+82-2-568-0773","http://royaltombs.cha.go.kr/html/HtmlPage.do?pg=/new/html/portal_01_08_01.jsp&mn=RT_01_08","03-10月 06:00~21:00 (售票 20:00) 11-01月 06:30~17:30 (售票 16:30) 02月 06:00~18:00 (售票 17:00) ※ 入场截止至20:00夜间仅开放部分区间","星期二 ~星期天","每周一","2号线盆唐线宣靖陵站10号出口  9号线 宣靖陵站3号出口","宣陵站王陵公园宣靖陵三成洞宣陵遗迹江南","无障碍坡道残疾人专用停车场残疾人指南(轮椅租借及其他)残疾人洗手间"
"1417","zh-TW","宣靖陵 ","135-090 首爾江南區三星洞 133-2","135-090 首爾市江南區宣陵路100街1 ","+82-2-568-1291","+82-2-568-0773","http://royaltombs.cha.go.kr/html/HtmlPage.do?pg=/new/html/portal_01_08_01.jsp&mn=RT_01_08","3月~10月 06:00~21:00  11月~1月 06:30~17:30  2月 06:00~18:00 ※ 最後入場時間為閉園前1小時 ※ 3~10月夜間僅設有照明部分區域開放參觀","週二~週日","週一","盆堂線、2號線宣陵站10號出口 盆堂線、9號線宣靖陵站3號出口","歷史傳統公園王陵古蹟探訪江南宣靖陵","殘疾人士服務台(租借輪椅等)無障礙停車場無障礙坡道無障礙廁所"
"1790","zh-CN","岛山公园","135-120 首尔市江南区新寺洞 649-9号","135-120 首尔市江南区岛山大路45街20 ","+82-2-3423-6245","","","公园24小时开放，岛山纪念馆工作日10:00~16:00 周六/公休日 10:00~14:00","周一~周日","公园年中无休，岛山纪念馆每周日、春节及中秋节假日休息、圣诞节","3号线 狎鸥亭站2 3号出口步行10分钟  ","公园狎鸥亭站展览江南岛山公园纪念馆安昌浩","无障碍坡道残疾人洗手间"
"2050","zh-TW","德壽宮","100-120 首爾市中區貞洞 5-1","100-120 首爾市中區世宗大路99 ","+82-2-771-9951","+82-2-771-9953","http://www.deoksugung.go.kr/","09:00～20:00（售票及最後入場時間為20:00） 21:00 （離開時間）","週二～週日","每週一","1號線市廳站2號出口  ","德壽宮夜遊德壽宮貞洞石牆路首爾必去旅遊景點古宮首爾旅遊韓國古宮首爾行程高宗之路首爾步行好去處韓國傳統首爾夜景德壽宮旅遊韓國古宮旅遊韓國歷史首爾景點貞洞街","殘疾人士服務台(租借輪椅等)無障礙廁所"
"2046","zh-CN","德寿宫","100-120 首尔市中区贞洞美术馆路 5-1","100-120 首尔市中区世宗大路99 ","+82-2-771-9951","+82-2-771-9953","http://www.deoksugung.go.kr/eng/index.asp","09:00 ~ 20:00 （卖票、入场时间） 21:00（离开时间）","星期二至日","每星期一","1号线 市政府 2号出口  ","首尔必去旅游景点首尔步行好去处夜游德寿宫韩国古宫首尔夜景韩国历史首尔景点韩国传统贞洞街首尔旅游德寿宫旅游首尔行程高宗之路贞洞石墙路德寿宫古宫韩国古宫旅游","残疾人指南(轮椅租借及其他)残疾人洗手间"
"875","zh-CN","战争纪念馆","140-021 首尔市龙山区龙山洞1街 8 ","04353 首尔市龙山区黎泰院路29 ","+82-2-709-3139","+82-2-709-3100","https://www.warmemo.or.kr/front/main.do;jsessionid=BDE1B452FEB0FE808BE5865428DBDCDF","白天开放时间：周二至周日 09:30 ~ 18:00，闭馆前1小时以后禁止入场<br /> 夜间开放时间：每月最后一周的周六 9：30~20：00.","","每周一（如周一在假期内，则假期结束后第二天闭馆）","6号线 三角地站11，12号出口步行3分钟 4号线 三角地站1号出口步行5分钟  1号线 南营站1号出口步行10分钟  ","战争纪念馆梨泰院历史文化625战争朝鲜战争","无障碍坡道残疾人专用停车场残疾人指南(轮椅租借及其他)残疾人洗手间电梯"
"871","ja","戦争記念館 ","140-021 ソウル市龍山区龍山洞1街8 ","04353 ソウル市ヨンサン(龍山)区イテウォンロ29 (龍山洞1街)","+82-2-709-3114","+82-2-709-3100","https://www.warmemo.or.kr/LNG/main.do?lan=jp","9:30-18:00 夜間開館：毎月最終週土曜日は9：30～20：00","","月曜日(月曜日を含む連休の場合は連休最終日の翌日が休館)","地下鉄4号線「サムガクチ」駅1番出口から徒歩5分 地下鉄6号線「サムガクチ」駅11番、12番出口から徒歩3分  地下鉄1号線「ナミョン」駅1番出口から徒歩10分   ","ソウル子供と一緒に戦争記念館子供博物館戦争記念館龍山戦争記念館朝鮮戦争ソウル子供連れの場所ソウル博物館おすすめソウルがおすすめソウル戦争史博物館龍山子供博物館","アクセシビリティエレベーターバリアフリートイレ体の不自由な方のための専用駐車場体の不自由な方のための案内所(車椅子レンタルなど)"
"878","zh-TW","戰爭紀念館","140-021 首爾市龍山區龍山洞1街 8 ","04353 首爾市龍山區黎泰院路29 ","+82-2-709-3139","","https://www.warmemo.or.kr/front/main.do","週二至週日09:30 ~ 18:00 閉館前１小時為止皆可入館 夜間開放：每月最後一的星期六延長開放至20:00","","星期一 (如果較長的假期包含星期一時，則在長假後休息一天)","4、6號線三角地站1、11、12號出口出步行5分鐘  1號線南營站1號出步行10分鐘 ","戰爭紀念館紀念館歷史博物館","殘疾人士服務台(租借輪椅等)無障礙停車場無障礙坡道無障礙廁所電梯"
"802","zh-CN","文化站首尔284 ","100-162 首尔市中区统一路1  ","04509 首尔特别市中区蓬莱洞二街122-25号统一路1番地（统一路1号首尔站（主楼）） ","+82-2-3407-3500","","http://www.seoul284.org ","11:00 ~ 19:00（18:30后停止入场）","周二~周日","元旦、周一、周一为法定节假日时第二天闭馆","14号线 首尔站   ","展览火车站文化站首尔284光华门首尔站文化博物馆","无障碍坡道残疾人指南(轮椅租借及其他)残疾人洗手间电梯"
"808","zh-TW","文化站首爾284(舊首爾站)","100-162 首爾市中區蓬萊洞2街122-28 ","04509 首爾市中區統一路1 ","+82-2-3407-3500","","https://en.seoul284.org/","11:00~19:00 ※ 最後入場時間18:30","週二~週日","週一","1、4號線首爾站2號出口","歷史文化站首爾284遺址舊首爾站美術館首爾站光化門文化展覽","殘疾人士服務台(租借輪椅等)無障礙坡道無障礙廁所電梯"
"800","ja","文化駅ソウル284(旧ソウル駅舎)","100-162 ソウル市中区蓬萊洞2街122-25 ","04509 ソウル市チュン(中)区トンイルロ1  (蓬萊洞2街)ソウル駅(本屋)","+82-2-3407-3500","","http://www.seoul284.org ","11:00-19:00（入場は18:30まで）","","月曜日","地下鉄1号線/4号線「ソウル」駅2番出口","文化駅ソウル284芸術旧ソウル駅舎アート遺跡地・文化財","アクセシビリティエレベーターバリアフリートイレ体の不自由な方のための案内所(車椅子レンタルなど)"
"300","zh-CN","昌庆宫","110-360 首尔市钟路区卧龙洞 2-1","03072 首尔市钟路区昌庆宫路185 ","+82-2-762-4868","","http://chn.cha.go.kr/public/html/HtmlPage.do?pg=/chn/02/palace04_introduce.jsp&pageNo=2240000&siteCd=CHN","09:00 ~ 21:00（最后入场 20:00）","周二至日","每周一","4号线 惠化站4号出口","首尔约会首尔夜景首尔晚上约会夜游宫殿首尔晚上散步首尔宫殿首尔旅行韩国传统文化韩国历史景点传统昌庆宫首尔好去处","残疾人专用停车场残疾人指南(轮椅租借及其他)残疾人洗手间"
"37211","zh-CN","昌庆宫大温室"," 首尔钟路区和龙洞2-1 ","03072 首尔钟路区昌庆宫路185（瓦龙洞，昌庆宫） ","+82-2-762-9514","","http://cgg.cha.go.kr/agapp/main/index.do?siteCd=CGG","9:00 ~ 18:00","周二 ～周日","每周  周一","惠化站4号出口700米","历史遗址昌庆宫宫殿温室惠化站花园大皇宫","残疾人指南(轮椅租借及其他)"
"303","zh-CN","昌德宫","110-360 首尔市钟路区卧龙洞2-71 ","03072 首尔市钟路区栗谷路99 ","+82-2-762-8261","+82-2-762-2070","http://www.cdg.go.kr","2~5月 09:00~18:00 （最后入场时间 17:00） 6~8月 09:00~18:30（最后入场时间 17:30） 9~10月 09:00~18:00（最后入场时间 17:00） 11~1月 09:00~17:30（最后入场时间 16:30）","","每周一","135号线 钟路3街站6号出口出来后步行10分钟   ","首尔韩服旅游首尔首尔景点昌德宫首尔行程韩国文化世界文化遗产首尔约会地点首尔旅游韩国传统古宫旅游首尔必去景点","残疾人专用停车场残疾人指南(轮椅租借及其他)残疾人洗手间"
"304","zh-TW","昌德宮","110-360 首爾市鍾路區臥龍洞2-71 ","03072 首爾市鍾路區栗谷路99 ","+82-2-762-8261","+82-2-762-2070","http://www.cdg.go.kr","2~5月 09:00~18:00 （最後入場時間 17:00） 6~8月 09:00~18:30（最後入場時間 17:30） 9~10月 09:00~18:00（最後入場時間 17:00） 11~1月 09:00~17:30（最後入場時間 16:30）","","每週一","3號線安國站3號出口步行5分鐘    5號線鍾路3街站6號出口步行10分鐘","韓國傳統世界文化遺產首爾景點古宮旅遊首爾首爾必去景點昌德宮首爾旅遊首爾約會地點首爾行程韓國文化首爾韓服旅遊","殘疾人士服務台(租借輪椅等)無障礙停車場無障礙廁所"
"301","zh-TW","昌慶宮","110-360 首爾市鍾路區臥龍洞 2-1","03072 首爾市鍾路區昌慶宮路185 ","+82-2-762-4868","","http://chn.cha.go.kr/public/html/HtmlPage.do?pg=/chn/02/palace04_introduce.jsp&pageNo=2240000&siteCd=CHN","09:00~21:00 (最後入場20:00)","週二～週日","每週一","4號線惠化站4號出口","首爾約會傳統韓國歷史景點首爾夜景首爾宮殿韓國傳統文化昌慶宮首爾好去處首爾旅行夜遊宮殿首爾晚上散步首爾晚上約會","殘疾人士服務台(租借輪椅等)無障礙停車場無障礙廁所"
"37223","zh-TW","昌慶宮大溫室"," 首爾鐘路區和龍洞2-1 ","03072 首爾鐘路區昌慶宮路185（瓦龍洞，昌慶宮） ","+82-2-762-9514","","http://cgg.cha.go.kr/agapp/main/index.do?siteCd=CGG","9:00 ~ 18:00","週二～週日","每週一","惠化站4號出口700米","首爾值得一去的地方昌慶宮大溫室昌慶宮約會昌慶宮昌慶宮拍照區","殘疾人士服務台(租借輪椅等)"
"4039","zh-CN","明洞天主教堂","100-022 首尔市中区明洞2街1-1 ","100-022 首尔市中区明洞街74 ","+82-2-774-1784","","http://www.mdsd.or.kr","","","每周一","4号线 明洞 5 8号出口出來，步行10分鐘 2号线 乙支路入口 9号出口出来后步行10分钟 2号线 乙支路3街 12号出口出来后步行10分钟","明洞天主教堂（명동성당）宗教圣地天主教","无障碍坡道残疾人专用停车场残疾人洗手间电梯"
"11470","zh-CN","明洞旅游信息中心"," 首尔市中区乙支路2街 181号外换银行别馆"," 首尔市中区乙支路66 ","+82-2-778-0333","","http://www.facebook.com/MyeongdongTouristInformationCenter","明洞旅游信息中心 / 纪念品贩售区 - 09:00~18:00","","周日、春节及中秋节当天","2号线 乙支路入口 5 6号出口","多元文化空间明洞首尔明洞旅游信息中心首尔旅游资讯中心旅游资讯中心文化","无障碍坡道"
"11471","zh-TW","明洞旅遊資訊中心"," 首爾市中區乙支路2街 181外換銀行別館","04538 首爾市中區乙支路66 ","+82-2-778-0333","","http://www.facebook.com/MyeongdongTouristInformationCenter","明洞旅遊資訊中心 / 紀念品販售區 - 09:00~18:00","","週日、春節及中秋節當天","2號線乙支路入口站5、6號出口","明洞旅遊資訊中心旅遊資訊中心首爾旅遊資訊中心旅遊諮詢中心明洞首爾","無障礙坡道"
"4040","zh-TW","明洞聖堂 (明洞天主教堂)","100-022 首爾市中區明洞2街1-1 ","100-022 首爾市中區明洞街74 ","+82-2-774-1784","","http://www.mdsd.or.kr","","","","4號線明洞站5 8號出口步行10分鐘 2號線乙支路入口站5號出口步行15~20分鐘 2號線乙支路3街站12號出口步行10分鐘","哥德式建築明洞明洞聖堂明洞天主教堂明洞聖堂歷史天主教","無障礙停車場無障礙坡道無障礙廁所電梯"
"77","zh-CN","景福宫","110-820 首尔市钟路区世宗路 1-1 ","03045 首尔市钟路区三清路37 ","+82-2-3700-3900","+82-2-3700-3909","http://www.royalpalace.go.kr:8080/html/eng_gbg/main/main.jsp","1~2月 09:00 ~ 17:00 (16点以后禁止入场) 3~5月 09:00 ~ 18:00 (17点以后禁止入场) 6~8月 09:00 ~ 18:30 (17点30分以后禁止入场) 9~10月 09:00 ~ 18:00 (17点以后禁止入场) 11~12月 09:00 ~ 17:00 (16点以后禁止入场) ※售票至参观结束前1小时止","","每周周二","5号线 光化门站2号出口出来后步行10分钟 3号线 景福宫站5号出口出来后步行5分钟 ","首尔约会韩国传统文化景福宫景福宫介绍首尔旅游韩国历史文化古迹景福宫入场费韩国文化首尔古宫首尔景点首尔行程","无障碍坡道残疾人专用停车场残疾人指南(轮椅租借及其他)残疾人洗手间"
"79","zh-TW","景福宮","110-820 首爾市鍾路區世宗路 1-1 ","03045 首爾市鍾路區三清路37 ","+82-2-3700-3900","+82-2-3700-3909","http://www.royalpalace.go.kr:8080/html/eng_gbg/main/main.jsp","1~2月09:00 ~ 17:00（16點以後禁止入場） 3~5月09:00 ~ 18:00（17點以後禁止入場） 6~8月09:00 ~ 18:30（17點30分以後禁止入場） 9~10月09:00 ~ 18:00（17點以後禁止入場） 11~12月09:00 ~ 17:00（16點以後禁止入場） ※ 售票至參觀結束前1小時止","","每週二","5號線光化門站2號出口步行10分鐘 3號線景福宮站5號出口步行5分鐘","首爾古宮首爾約會韓國文化首爾旅遊景福宮介紹韓國傳統文化韓國歷史文化古蹟首爾行程景福宮入場費首爾景點景福宮","殘疾人士服務台(租借輪椅等)無障礙停車場無障礙坡道無障礙廁所"
"2589","zh-TW","曹溪寺 ","110-170 首爾鍾路區堅志洞 45","110-170 首爾市鍾路區郵政局路55 ","+82-2-768-8600","+82-2-720-2299","http://www.jogyesa.kr","隨著法會、參佛等寺廟活動會有所變動","","","3號線安國站6號出口出步行10分鍾 5號線光化門站2號出口出步行15分鐘 1號線鐘閣站2號出口出步行10分鐘","曹溪寺 佛教寺院寄宿安國站 宗教聖地首爾曹溪寺","無障礙坡道"
"2588","zh-CN","曹溪寺(조계사)","110-170 首尔钟路区坚志洞 45","110-170 首尔市钟路区邮政局路55 ","+82-2-768-8600","+82-2-720-2299","http://www.jogyesa.kr","受法会、祷告、参佛等寺院活动日程安排的影响，开放时间可能会有变动。","","","3号线 安国 6号出口出来后，步行10分钟  5号线 光化门 2号出口出来后，步行15分钟  1号线 钟阁 2号出口出来后，步行10分钟  ","佛教首尔曹溪寺宗教圣地钟路区曹溪寺曹溪寺(조계사)首尔旅游","无障碍坡道"
"1182","zh-CN","杨花津外国传教士墓园","121-883 首尔市麻浦区杨花津街46 ","04084 首尔市麻浦区杨花津街46 ","+82-2-332-9174","","http://www.yanghwajin.net/v2/index.html","※导览时间：10:00、11:30、14:00、15:30 ※元旦、春节与中秋连假、圣诞节不提供导览服务","星期一 ~ 星期六","※元旦、春节与中秋连假、圣诞节不提供导览服务","26号线 合井站从7号出口出来后，步行200米   ","广惠院弘大合井洞切头山殉教纪念馆杨花津外国人传教士墓园纪念馆合井站墓园","无障碍坡道残疾人专用停车场残疾人洗手间"
"1171","zh-TW","楊花津外國人傳教士墓園","121-883 首爾市麻浦區楊花津街46 ","04084 首爾市麻浦區楊花津街46 ","+82-2-332-9174","","http://www.yanghwajin.net/v2/index.html","10:00~17:00 ","週一~週六 ※導覽時間：10:00、11:30、14:00、15:30 ※元旦、春節與中秋連假、聖誕節不提供導覽服務","週日","2、6號線合井站7號出口步行 200公尺 ","宗教聖地紀念館歷史弘大楊花津外國人傳教士墓園合井站","無障礙停車場無障礙坡道無障礙廁所"
"21363","zh-TW","樂天世界塔","138-240 首爾市松坡區新川洞29 ","05551 首爾市松坡區奧林匹克路300(新川洞) ","+82-2-3213-5000","","https://www.lwt.co.kr/cn/main/main.do","各設施不同，詳情請參考網站","","全年無休","地鐵2、8號線蠶室站2、8號出口","123樓購物中心無限挑戰SEOULSKY樂天世界購物中心水族館地標展望台樂天世界塔蠶室站","殘疾人士服務台(租借輪椅等)無障礙停車場無障礙坡道無障礙廁所電梯"
"35089","zh-CN","首尔路7017 游客客运站","04528 首尔市中区万里洞1街22-1 首尔7017旅客客运站","  ","+82-2-312-1697","","","10:00 ~ 19:00","年中无休","春节、中秋当天休息","14号线 首尔站2号出口 2号线 忠正路站5号出口","旅游首尔7017路线首尔7017旅客客运站旅客客运站首尔之旅","无障碍坡道残疾人洗手间"
"23498","zh-TW","樂天世界民俗博物館","138-721 首爾市松坡區蠶室洞40-1 ","05554 首爾市松坡區奧林匹克路240(樂天世界) "," 1661-2000","","http://www.lotteworld.com/museum/","平日 AM 09:30 ~ PM 08:00 週末 AM 09:30 ~ PM 09:00 (閉館前1小時停止入場)","週一~週日","全年無休","2、8號蠶室站4號出口","傳統工藝品展覽傳統博物館民俗蠶室站歷史樂天世界民俗博物館樂天世界宮廷服飾","殘疾人士服務台(租借輪椅等)無障礙停車場無障礙坡道無障礙廁所電梯"
"11613","zh-CN","汉城百济博物馆","138-050 首尔市松坡区芳荑洞 88-20","138-050 首尔市松坡区慰礼城大路71 ","+82-2-2152-5900～7","+82-2-2152-5908","","","","1月1日、每周一","8号线 梦村土城站1号出口→朝右侧(南2门)方向移动650米 5号线（马川方向） 奥林匹克公园站3号出口→南2门方向移动1千米左右  ","汉城百济博物馆常设展厅展览遗址博物馆文化展示空间历史","无障碍坡道残疾人专用停车场残疾人指南(轮椅租借及其他)残疾人洗手间电梯"
"11614","zh-TW","漢城百濟博物館","138-050 首爾市松坡區芳荑洞 88-20","138-050 首爾市松坡區慰禮城大路71 ","","","http://baekjemuseum.seoul.go.kr/","平日 09:00~21:00 週末、國定假日 09:00~19:00 (11月~2月：09:00~18:00)","","1月1日、每週一","8號線夢村土城站1號出口→往右側(南二門)方向移動 650m 5號線(馬川方向)奧林匹克公園站3號出口→往南二門方向移動1km","芳荑洞百濟文化漢城百濟博物館夢村土城松坡區歷史博物館遺址文化財奧林匹克公園展覽蠶室4影像體驗","殘疾人士服務台(租借輪椅等)無障礙停車場無障礙坡道無障礙廁所電梯"
"33880","zh-CN","诚信女子大学服饰博物馆与自然史博物馆","  ","01133 首尔特别市江北区道峰路76ga街55，云庭绿色校区B1 ","服饰博物馆：+82-2-920-2657，自然史博物馆：+82-2-920-7890","+82-2-920-2796","https://www.sungshin.ac.kr/sites/museum/index.do","周一~周六：10:00~17:00（周日、法定公休日闭馆）","","","4号线弥阿站 2号出口下车步行10分钟","诚信女子大学服饰博物馆，自然史博物馆","残疾人专用停车场残疾人洗手间电梯"
"1454","zh-TW","貞洞劇場","100-120 首爾中區貞洞8-11 ","04518 首爾市中區貞洞路43 ","+82-2-751-1500","+82-2-751-1588","https://www.jeongdong.or.kr/portal/main/main.do","演出時間都不同。","週二～週六 (客服服務：09:00~18:00)","週日、週一","5號線西大門站5號出口步行10分鐘    1號線市廳站1、2、12號出口步行5~10分鐘    ","藝術藝術中心貞洞劇場表演貞洞街貞洞文化市廳站","無障礙停車場無障礙坡道無障礙廁所"
"1452","zh-CN","贞洞剧场","100-120 首尔中区贞洞路 ","04518 首尔市中区贞洞街43 ","+82-2-751-1500","+82-2-751-1588","https://www.jeongdong.or.kr/portal/main/main.do","演出时间都不同 ","周二～周日 (客服服务：周二~周日 09:00~18:00)","每周一、周日休息","5号线 西大门站5号出口出来后，步行10分钟    1号线 市政府站1号，2号，12号出口出来后，步行5-10分钟    ","艺术剧院贞洞剧场","无障碍坡道残疾人专用停车场残疾人洗手间"
"1903","zh-CN","韩国的代表性广场——光化门广场","100-101 首尔市钟路区世宗路 1-68","100-101 首尔市钟路区世宗大路172 ","+82-2-120","","http://plaza.seoul.go.kr/gwanghwamun","24小时开放","周一~周日","","3号线 景福宫站6号，7号出口，外换银行方向 5号线 光化门站1号、2号、8号出口 1号线 市政府站3号出口，经过德寿宫后往高丽雅娜宾馆方向  ","国立韩字博物馆光华门广场韩文光华门世宗大王韩字日训民正音","无障碍坡道残疾人洗手间"
"33883","zh-CN","首尔下水道科学馆","  ","04809 首尔市城东区汽车市场3街64（龙踏洞250-4） ","+822-2211-2540","","http://sssmuseum.org","周二至周日（09:00~17:00），闭馆日（每周一、1月1日、春节和中秋节当天）","","","5号线长汉坪站 8号出口","科学，科学馆，环境，污水处理，教育，水再生中心，下水道科学馆，博物馆，museum","无障碍坡道残疾人专用停车场残疾人指南(轮椅租借及其他)残疾人洗手间电梯"
"2722","zh-CN","首尔历史博物馆","110-062  ","03177 首尔市钟路区新门内路55 ","+82-2-724-0274","","http://www.museum.seoul.kr","周中 09:00 ~ 20:00  周六、周日、公休日 09:00 ~ 19:00 (11月 ~ 2月 周中 09:00 ~ 18:00)","周二~周日","每周一、1月1日","3号线 景福宫站7号出口 5号线 西大门站4号出口出来后，步行300米 5号线 光化门站7号、8号出口出来后，步行400米","历史文化体验传统博物馆首尔历史博物馆光华门遗产","无障碍坡道残疾人专用停车场残疾人指南(轮椅租借及其他)残疾人洗手间电梯"
"33752","zh-CN","首尔历史博物馆在线教育服务"," 首尔市钟路区新闻路2街2-1 ","03177 首尔市钟路区新闻路2街 ","+82-2-724-0274","","http://www.museum.seoul.kr","周中 09:00~20:00 周六、周日及公休日 09:00~19:00","","周一","1号线 市厅站 1、2、3号出口 5号线 光华门站 7、8号出口 5号线 西大门站 4号出口","教育随时随地相约博物馆历史学习seoulmuseumofhistory 博物馆外国人教育线上教育博物馆遗物高考相关教育首尔历史博物馆家庭教育 ","无障碍坡道残疾人专用停车场残疾人指南(轮椅租借及其他)残疾人洗手间电梯"
"10232","zh-CN","首尔图书馆 (原首尔市政府旧厅舍)"," 首尔特别市中区 太平路1街31"," 首尔市中区世宗大路110 ","+82-2-2133-0300","","https://lib.seoul.go.kr/","平日 09:00~21:00 周末 09:00~18:00","星期二~星期天","周一休馆","12号线 市政府站5号出口 2号线 乙支路入口站1号出口","市厅首尔市图书馆纪念馆首尔市厅旧首尔市厅市厅图书馆历史首尔图书馆 (原首尔市政府旧厅舍)","无障碍坡道残疾人指南(轮椅租借及其他)残疾人洗手间电梯"
"1570","zh-CN","首尔市立美术馆 ","100-813 首尔中区西小门洞 37美术馆路30","04515 首尔市中区德寿宫街61 ","+82-2-2124-8800","","http://sema.seoul.go.kr/","观览时间： <3月~10月> 周二~周五 10:00~20:00 （周六•日•公休日至19:00）  <11月~2月> 周二~周五 10:00~20:00 （周六•日•公休日至18:00）  ※ 文化日 - 西小门本馆，北首尔美术馆:最后一周星期三 10:00 - 22:00 ※  休馆日 ：每周一，元旦 ","星期二 星期三 星期四 星期五 星期六 星期天","每年1月1日，每周一10：00 ~ 19:00 ","5号线 西大门站6号出口    1号线 首尔站    2号线 市政府站10号出口  ","美术首尔市立美术馆德寿宫艺术文化美术馆美术展览首尔展览西大门站光化门市厅站贞洞街西小门洞","无障碍坡道残疾人专用停车场残疾人指南(轮椅租借及其他)残疾人洗手间电梯"
"102","zh-CN","首尔汉阳都城","110-041 首尔市钟路区楼上洞san1-3 ","03038 首尔市钟路区玉仁6街26-22  (楼上洞) ","02-120","","http://seoulcitywall.seoul.go.kr/front/ch/index.do","","","","3号线 安国 2号出口支线（绿色）乘坐02号巴士，卧龙公园下车后步行10分钟 4号线 惠化 1号出口乘坐支线（绿色）巴士 钟路08号巴士到明伦3街下车后步行30分","古迹探访首尔汉阳都城历史她很漂亮","残疾人专用停车场残疾人洗手间"
"33893","zh-TW","首爾下水道科學館"," 首爾市城東區龍踏洞250-4 ","04809 首爾市城東區汽車市場3街64(龍踏洞) ","+82-2-2211-2540","","http://sssmuseum.org","09:00~17:00","週二~週日","週一、1月1日、春節與中秋節當天","5號線長漢坪站8號出口","水再生中心環境污水處理下水道科學館博物館科學館科學museum教育","殘疾人士服務台(租借輪椅等)無障礙停車場無障礙坡道無障礙廁所電梯"
"10234","zh-TW","首爾圖書館 (首爾舊市政大樓)"," 首爾市中區 太平路1街 31"," 首爾市中區世宗大路110 ","+82-2-2133-0300","","https://lib.seoul.go.kr/","平日 09:00~21:00 週末 09:00~18:00","週二~週日","週一、國定假日","1、2號線市廳站5號出口 2號線乙支路入口站1號出口","文化首爾圖書館圖書館市府圖書館首爾舊市政大樓文化首爾市政府圖書館市廳乙支路站光化門市廳站","殘疾人士服務台(租借輪椅等)無障礙坡道無障礙廁所電梯"
"33891","zh-TW","首爾城市再生故事館"," 首爾市鍾路區新門路2街6 ","03178 首爾市鍾路區松月街2 ","+82-70-4160-3963","","https://surc.or.kr/story","10:00~19:00 ","週二~週日","週一、國定假日","5號線西大門站4號出口","敦義門博物館村故事館首爾城市再生故事館城市再生#牽手首爾","殘疾人士服務台(租借輪椅等)無障礙停車場無障礙坡道無障礙廁所電梯"
"1584","zh-TW","首爾市立美術館(西小門本館)","100-813 首爾市中區德壽宮路61(西小門洞37) ","04515 首爾市中區德壽宮街61 ","+82-2-2124-8800  ","","http://sema.seoul.go.kr/global/tindex.jsp","3～10月 10:00～20:00（週末及國定假日至19:00） 11～2月 10:00～20:00（週末及國定假日至18:00） ※ 最後入場時間為閉館前一小時 ※ 文化日 - Seoul Museum of Art(首爾市立美術館)北首爾美術館:最後一週週三 10:00 - 22:00","","每週一、元旦","5號線西大門站6號出口    2號線市廳站10號出口    ","首爾市立美術館美術市廳站貞洞街首爾展覽文化西小門洞德壽宮西大門站美術展覽光化門美術館藝術","殘疾人士服務台(租借輪椅等)無障礙停車場無障礙坡道無障礙廁所電梯"
"2726","zh-TW","首爾歷史博物館","110-062 首爾市鍾路區新門路2街2-1 ","03177 首爾市鍾路區新門內路55 ","+82-2-120","","http://www.museum.seoul.kr","平日 09:00~20:00  週六、週日、國定假日 09:00~19:00 (11~2月 09:00~18:00)","週二~週日","週一、元旦","3號線景福宮站7號出口 5號線西大門站4號出口300公尺 5號線光化門站7、8號出口400公尺","傳統慶熙宮歷史博物館光化門景福宮站紀念館西大門站光化門站首爾歷史博物館文物文化","殘疾人士服務台(租借輪椅等)無障礙停車場無障礙坡道無障礙廁所電梯"
"32869","zh-TW","首爾民歌博物館開館"," 서울 종로구 와룡동 5-9 ","03131 首爾市鐘路區栗谷路96 ","+82-2-742-2600","","http://gomuseum.seoul.go.kr/sekm/index","參觀時間：09:00—19:00 ","","休館日：每週一、1月1日、春節和中秋節當天","3號線安國站4號出口1、3、5號線鐘路3街站6號出口","民謠益善洞國樂韓國民謠昌德宮博物館博物館城市首爾","無障礙坡道無障礙廁所電梯"
"103","zh-TW","首爾漢陽都城","110-041  ","03038 首爾市鍾路區玉仁六街26-22 ","02-120","","http://seoulcitywall.seoul.go.kr/front/ch/index.do","","","","3號線安國站2號出口，搭乘02號公車在臥龍公園下車後步行10分鐘 4號線惠化站1號出口，搭乘08號公車在明倫3街站下車後步行30分鐘","仁王山漢陽都城傳統東大門四小門四大門古蹟探訪首爾漢陽都城南山她曾漂亮","無障礙停車場無障礙廁所"
"35119","zh-TW","首爾路7017遊客客運站"," 首爾市中區萬里洞1街22-1 ","04528 首爾市中區太平路33 ","+82-2-312-1697","","https://www.instagram.com/travellerslounge_seoul/","10:00~19:00","週一~週日","春節、中秋節","地鐵1、4號線首爾站2號出口 地鐵2號線忠正路站5號出口","首爾路7017首爾路7017遊客客運站遊客客運站","無障礙坡道無障礙廁所"
"72","ko","경복궁","110-820 서울 종로구 세종로 1-1 ","03045 서울 종로구 사직로 161 (세종로 경복궁) ","02-3700-3900","02-3700-3909","http://www.royalpalace.go.kr:8080/","1월 ~ 2월 : 09:00~17:00(입장마감 16:00)  3월 ~ 5월 : 09:00~18:00(입장마감 17:00)  6월 ~ 8월 : 09:00~18:30(입장마감 17:30)  9월 ~ 10월 : 09:00~18:00(입장마감 17:00)  11월 ~ 12월 : 09:00~17:00(입장마감 16:00) ※ 기관 사정에 따라 관람시간 단축 및 조정이 있을 수 있습니다.  ","","화요일","5호선 광화문역 2번 출구 도보 10분 3호선 경복궁 5번 출구 도보 5분","경복궁입장료한국역사적명소서울볼거리서울나들이서울명소서울가볼만한곳경복궁서울관광지서울여행한국전통서울데이트한국문화서울궁궐","장애인 안내(휠체어 대여 및 기타)장애인 전용 주차장장애인화장실접근가능"
"6957","ko","경희대학교 자연사박물관","130-701 서울 동대문구 회기동 1 ","02447 서울특별시 동대문구 경희대로 26 자연사박물관","02-961-0142 ","","http://nhm.khu.ac.kr/","10:00~17:00","월-금","-주말 -공휴일","1호선 외대앞 1번 출구 1호선 회기역 1번 출구"," 경희대학교 경희대 회기역유물 경희대자연사박물관 박물관 유럽산암석화성암 전시외대앞역퇴작암자연사박물관","장애인 전용 주차장"
"1900","ko","광화문광장","110-050 서울 종로구 세종로 1-68","03154 서울특별시 종로구 세종대로 172 ","02-120","","http://plaza.seoul.go.kr/gwanghwamun","도심 열린 광장으로 연중 24시간 상시 개방","월~일","연중무휴","3호선 경복궁 67번 출구 외환은행 방향으로 직진  5호선 광화문 1번 2번 8번 출구  1호선 시청 3번 출구 덕수궁을 지나 코리아나 호텔 방향으로 직진  "," 청계천 경복궁 이순신 세종대왕세종문화회관광화문 광화문광장도시 문화 광장","장애인화장실접근가능"
"20550","ko","국립고궁박물관","110-820 서울 종로구 세종로 1-57 ","03045 서울 종로구 효자로 12 (세종로 국립고궁박물관) ","02-3701-7500","","http://www.gogung.go.kr/main.do","10:00~18:00 (입장은 마감 1시간 전까지)","월~일","-1월 1일 -설날 추석 당일","3호선 경복궁역 5번 출구"," 경복궁역 유물 역사 관광지 서울관광 왕실문화 전시국립고궁박물관 문화재 박물관","장애인 안내(휠체어 대여 및 기타)장애인 전용 주차장장애인화장실접근가능"
"40770","ko","국립기상박물관"," 서울 종로구 송월동 1-1 ","03178 서울 종로구 송월길 52 (송월동 국립기상박물관) ","070-7850-8493 ","","https://science.kma.go.kr/museum","10:00  - 18:00","화요일 - 일요일","매주 월요일 1월 1일 설날 및 추석 당일","5호선 서대문역 4번 출구","가장오래된측우대날씨측우기측우대국립기상박물관한양도성경희궁100년관측소단풍서울기상관측소벚꽃","장애인 안내(휠체어 대여 및 기타)장애인 전용 주차장장애인화장실접근가능"
"433","ko","국립중앙박물관","140-797 서울 용산구 용산동6가 168-6 ","04383 서울 용산구 서빙고로 137 (국립중앙박물관) ","02-2077-9000","","http://www.museum.go.kr/site/main/home","월 화 목 금 일요일 : 10:00 - 18:00  수 토요일 : 10:00 - 21:00  옥외 전시장(정원)은 오전 7시부터 관람하실 수 있습니다. ","","휴관일: 1월1일 설날(1.25.) 추석(10.1.) 상설전시실 정기휴실일 : 매년 4 11월 첫째 월요일 - 2020년 휴실일 : 4.6.(월) / 11.2.(월) ※기획전시실(특별전시 종료시 휴실) 어린이박물관 야외전시장은 정상 개관","4호선·경의중앙선 이촌역 2번 출구 ","유물 시티투어버스 용산구관람 역사 어린이박물관 이촌역 국립 박물관국립중앙 국립중앙박물관","엘리베이터장애인 안내(휠체어 대여 및 기타)장애인 전용 주차장장애인화장실접근가능"
"35405","ko","국립한글박물관 "," 서울 용산구 용산동6가 168-6 ","04383 서울 용산구 서빙고로 139 (용산동6가 국립한글박물관) ","02-2124-6200","","https://www.hangeul.go.kr/main.do","월 - 일   ","10:00 - 18:00","1월 1일 설날 당일 추석 당일 * 한글도서관 휴관일: 토요일 일요일 공휴일(한글날 제외)","4호선·경의중앙선 이촌역 2번 출구","한글박물관세종대왕한글 훈민정음국립한글박물관","엘리베이터장애인 안내(휠체어 대여 및 기타)장애인 전용 주차장장애인화장실접근가능"
"11659","ko","국립현대미술관 서울관","110-200 서울 종로구 소격동 165 165","03062 서울 종로구 삼청로 30 (소격동) ","02-3701-9500","","http://www.mmca.go.kr/","월요일 화요일 목요일 금요일 일요일 : 10:00 ~ 18:00 수요일 토요일 : 10:00 ~ 21:00 (18:00 ~ 21:00 야간개장) * 발권시간 : 관람종료 1시간 전까지 가능","월~일","1월1일 설날 추석","3호선 안국 1번 출구에서 북촌길 방면 또는 삼청로 민속박물관 방면  "," 전시 복합문화예술센터광화문문화의거리 현대미술삼청동 미술관안국역소격동국립현대미술관","엘리베이터장애인 안내(휠체어 대여 및 기타)장애인 전용 주차장장애인화장실접근가능"
"5765","ko","국회의사당","150-701 서울시 영등포구 여의도동 1 ","07233 서울특별시 영등포구 의사당대로 1  (여의도동) ","02-788-2114","02-788-3664","http://www.assembly.go.kr","평일 09:00~18:00 (17:00까지 입장가능) 토요일 09:00~13:00(12:00까지 입장가능)  국회의사당 (10인 이상의 단체)   ※ 12시 참관에 한해 개인참관(10인 미만) 신청 가능","월~토","일요일 공휴일 근로자의 날(5.1) 국회개원기념일(5.31)","9호선 국회의사당 1번 6번 출구"," 국회의사당역 국회의사당 국회참관 국회도서관 민주주의 의원회관인권국회 여의도 역사","엘리베이터장애인 안내(휠체어 대여 및 기타)장애인 전용 주차장장애인화장실접근가능"
"36","ko","남산서울타워 ","140-022 서울 용산구 용산동2가 산 1-3 ","04340 서울 용산구 남산공원길 105 (용산동2가 YTN서울타워) ","02-3455-9277","","http://www.seoultower.co.kr/","평일 12:00 ~ 21:00 주말/ 공휴일 11:00 ~ 21:00  * 마감시간 30분 전까지 입장가능 * 레스토랑 운영시간은 매장마다 상이하므로 홈페이지 확인바람","매일","연중무휴","3호선 충무로역 2번 출구 02번 버스 탑승 후 서울타워 하차    3호선 동대입구역 6번 출구 02번 탑승 후 서울타워 하차    6호선 이태원역 4번 출구 03번 버스 탑승 후 서울타워 하차  ","서울데이트남산남산서울타워야경케이블카전망대남산타워명동서울야경서울야경명소N서울타워남산타워전망대전망서울데이트장소","엘리베이터장애인 안내(휠체어 대여 및 기타)장애인화장실접근가능"
"6668","ko","대한민국역사박물관"," 서울시 종로구 세종로 82-1 대한민국역사박물관 ","03141 서울시 종로구 세종대로 198 (세종로) ","02-3703-9200","02-3703-9216","http://www.much.go.kr","월 화 목 금 일 10:00 - 18:00 / 수 토 10:00 - 21:00","월 - 일","-1월 1일 -설날 -추석 휴관  ","3호선 경복궁 6번 출구 안국역 6번 출구 5호선 광화문 2번 출구 1호선 종각 1번 출구"," 역사체험학습야경 대한민국역사박물관 역사박물관 전망대종각역 광화문 전시경복궁역 박물관독립선언서 광화문역","엘리베이터장애인 안내(휠체어 대여 및 기타)장애인 전용 주차장장애인화장실접근가능"
"2049","ko","덕수궁","100-120 서울 중구 정동 5-1","04519 서울 중구 세종대로 99 ","02-771-9951","02-771-9953","http://www.deoksugung.go.kr/","09:00 ~ 20:00 (매표 및 입장시간) 21:00 (퇴장시간)","화~일","월요일","2호선 시청 12번 출구 도보 5분 1호선 시청 2번 출구 도보 5분  ","정동돌담길한국궁서울필수여행지덕수궁야간한국여행지덕수궁궁고종의길정동길서울야경서울나들이서울여행서울걷기좋은길궁궐투어덕수궁투어한국역사한국전통","장애인 안내(휠체어 대여 및 기타)장애인화장실"
"1789","ko","도산공원","135-896 서울 강남구 신사동 649-9 649-9","06020 서울 강남구 도산대로45길 20 (도산전시관) ","02-3423-6285","","","24시간 개방  (도산 안창호 기념관 매일 10:00~ 17:00)","월~일","도산 안창호 기념관 1월 1일 명절 연휴 휴무 ","3호선 압구정 2번 3번 출구 도보 10분  ","도산공원 압구정역 전시 도산안창호강남안창호공원 기념관","장애인화장실접근가능"
"26206","ko","동대문역사관 상설전시실 재개관","100-197 서울 중구 을지로7가 2-1 ","04566 서울 중구 을지로 281 (을지로7가 2-1) 동대문역사공원 내 동대문역사관","+82-2-2153-0200","+82-2-2034-0697","http://www.museum.seoul.kr","10:00~18:00","행사기간 담당자 문의","월요일 1월 1일","2호선 동대문역사문화공원 1·2번 출구  지선버스 - 2012 동대문디자인플라자 하차 도보1분","전시상설전시실동대문역사관동대문역사문화공원박물관동대문유물서울역사박물관전시회","엘리베이터장애인 안내(휠체어 대여 및 기타)장애인화장실접근가능"
"5815","ko","롯데월드 민속박물관","138-721 서울 송파구 잠실동 40-1 서울 송파구 잠실동 40-1","05554 서울 송파구 올림픽로 240 (잠실동 롯데월드) ","1661-2000","","http://www.lotteworld.com/museum/","11:00~19:00(입장 및 매표 마감시간 18:30)","월~일","","8호선 잠실 3번출구 (롯데월드 쇼핑몰 3층) 2호선 잠실 3번출구 (롯데월드 쇼핑몰 3층)"," 잠실역 궁중의례 민속식당가 전통음식 전시 전통공예품 잠실롯데월드민속박물관 박물관 어린이박물관전통","엘리베이터장애인 안내(휠체어 대여 및 기타)장애인 전용 주차장장애인화장실접근가능"
"21278","ko","롯데월드타워","138-240 서울 송파구 신천동 29 ","05551 서울 송파구 올림픽로 300 (신천동) ","02-3213-5000","","http://www.lwt.co.kr/","매일 09:00 - 20:30 롯데면세점 연중 무휴 매일 10:00 - 23:00 롯데마트 격주 일요일 휴무 매일 10:00 - 20:00 롯데아쿠아리움 연중 무휴 매일 10:30 - 20:00 에비뉴엘 월 1회 정기 휴무 매일 10:30 - 22:00 쇼핑몰 연중 무휴 서울스카이 평일 10:30 - 22:00 (월~목요일 일요일) 주말 10:30 - 23:00 (금 토 공휴일 前일) ※시설별 상이 (홈페이지 참조)","월~일","연중무휴 ","2호선 잠실역 2번 출구 도보 5분 8호선 잠실역 11번 출구 도보 5분","잠실 전망대서울스카이 백화점 면세점롯데월드타워아쿠아리움 롯데월드","엘리베이터장애인 안내(휠체어 대여 및 기타)장애인 전용 주차장장애인화장실접근가능"
"1232","ko","리움 미술관 ","140-893 서울 용산구 한남동 742-1 ","04348 서울 용산구 이태원로55길 60-16 (한남동) ","02-2014-6900","","http://leeum.samsungfoundation.org/html/global/main.asp","10:30 ~ 18:00 (매표마감 17:30)","화~일","-월요일 -1월 1일 -설 연휴 -추석 연휴","6호선 한강진역 1번 출구 도보 10분","이태원예술체험리움미술관삼성리움한남동미술관미술관한강진역삼성미술관리움갤러리한남동문화","엘리베이터장애인 안내(휠체어 대여 및 기타)장애인 전용 주차장장애인화장실접근가능"
"11469","ko","명동관광정보센터","100-793 서울 중구 을지로2가 181 외환은행 본점 별관 1층","04538 서울시 중구 을지로 66 한국외환은행 ","02-778-0333","","http://www.facebook.com/MyeongdongTouristInformationCenter","명동관광정보센터 / 기념품판매관 - 09:00~18:00","","일요일 명절 당일","2호선 을지로입구 5 6번 출구","명동관광정보센터관광정보명동서울관광정보센터을지로입구역안내관광정보센터","접근가능"
"4037","ko","명동성당","100-809 서울 중구 명동2가 1-1 ","04537 서울 중구 명동길 74 (명동성당) ","02-774-1784","","http://www.mdsd.or.kr","","","없음","4호선 명동 5번 8번 출구 도보 10분 2호선 을지로입구 5번 출구 도보 15~20분 2호선 을지로3가 12번 출구 도보 10분"," 명동 성당 종교 가톨릭 명동주교좌성당명동대성당 명동성당 천주교 역사 고딕","엘리베이터장애인 전용 주차장장애인화장실접근가능"
"5507","ko","몽촌역사관","138-749 서울 송파구 방이동 88-3 ","05540 서울 송파구 올림픽로 424 (몽촌역사관) ","02-2152-5900","02-424-4205","http://baekjemuseum.seoul.go.kr/dreamvillage/","09:00~18:00","화~일","-월 -1월 1일","5호선 올림픽공원역 3번 출구    8호선 몽촌토성역 1번 출구 "," 꿈나무영화마당 몽촌토성역유물 몽촌역사관 역사 잠실 박물관 백제박물관올림픽공원역 움집터전시관","장애인화장실접근가능"
"450","ko","문화역서울 284","100-162 서울 중구 봉래동2가 122-28 ","04509 서울 중구 통일로 1 (서울역 본옥) ","02-3407-3500","02-3407-3510","http://www.seoul284.org ","11:00~19:00 (주중·주말) ※ 관람시간 30분 전 입장 마감","화~일","월요일","1호선 서울역 2번 출구    4호선 서울역 2번 출구   "," 기차역문화역서울284문화역서울전시 284 서울역전시회 미술관 구서울역 서울역역사 광화문 유적지","엘리베이터장애인 안내(휠체어 대여 및 기타)장애인화장실접근가능"
"411","ko","봉은사 ","135-870 서울 강남구 삼성동 73 ","06087 서울 강남구 봉은사로 531 (봉은사) ","02-3218-4800","02-544-2141","http://www.bongeunsa.org/","법회 기도 불공 등 사찰 일정에 따라 이용 시간에 차이가 있음","","","7호선 청담역 2번 출구 도보 15분    2호선 삼성역 6번 출구 도보 10분   ","봉은사 코엑스 템플스테이 종교 사찰 연등행렬 봉은사역 불교 강남","장애인 안내(휠체어 대여 및 기타)장애인 전용 주차장장애인화장실"
"90","ko","서울 한양도성","110-126 서울 종로구 종로6가 70-6 ","03098 서울 종로구 율곡로 283 (종로6가 서울디자인지원센터) ","02-120","","http://seoulcitywall.seoul.go.kr","","","","1 4호선 동대문역 1 10번 출구"," 4대문 남산 한양도성 성곽 인왕산 동대문 낙산공원4소문 한성대입구역","장애인 전용 주차장장애인화장실"
"10231","ko","서울도서관 (옛 서울시청사)"," 서울특별시 중구 태평로1가 31","04524 서울특별시 중구 세종대로 110 (태평로1가) ","02-2133-0300","","http://lib.seoul.go.kr/","평일 09:00 - 21:00 주말 09:00 - 18:00 ※ 자료실별 이용시간이 상이하니 자세한 운영사항은 공지사항을 참고해 주시기 바랍니다.","화~일","-월요일 -법정 공휴일 및 관공서의 공휴일 -기타 관장이 필요하다고 인정하는 날  ","2호선 을지로입구 1번 출구 1호선 시청 5번 출구 도보 10 ~ 15분"," 서울도서관 시청사통통투어 광화문공공도서관 문화 서울시청사 시청역 시청 도서관을지로역","엘리베이터장애인 안내(휠체어 대여 및 기타)장애인화장실접근가능"
"34149","ko","서울도시건축전시관"," 서울 중구 태평로1가 60-6 서울도시건축전시관","04519 서울 중구 세종대로 119 (태평로1가) ","02-736-8050","","https://sca.seoul.go.kr/seoulhour/site/urbanArch/home","10:00-18:00 (입장마감 17:30)","화 - 일","월요일(월요일이 공휴일인 경우 다음날 휴관) 1월1일","1 2호선 시청역 3번 출구에서 도보 1분","서울마루건축서울도시건축전시관seoulmaruseoulhour서울투어도시 전시서울전시 서울볼거리 서울데이트","엘리베이터장애인화장실접근가능"
"35078","ko","서울로7017 여행자터미널","04528 서울 중구 만리동1가 22-1 서울로7017 여행자터미널","  ","02-312-1697","","","10:00~19:00","연중 무휴","설 추석 당일 휴무","지하철 1 4호선 서울역 2번출구 지하철 2호선 충정로역 5번출구","서울로7017여행자터미널서울로7017여행자터미널","장애인화장실접근가능"
"1525","ko","서울시립미술관 (서소문본관)","100-813 서울 중구 서소문동 37 ","04515 서울 중구 덕수궁길 61 (서소문동 서울시립미술관) ","02-2124-8800","","http://sema.seoul.go.kr ","[하절기 (3월 ~ 10월)] 화~금 10:00~20:00 (토·일·공휴일 19:00까지) [동절기 (11월 ~ 2월)] 화~금 10:00~20:00 (토·일·공휴일 18:00까지) ※ 문화가 있는 날    - 서소문본관 북서울미술관 : 마지막 주 수요일 10:00 - 22:00","화~일","-월요일 -1월 1일 ","1·2호선 시청역 10번 출구    5호선 서대문역 6번 출구   "," 미술관미술 시청역 서소문동 서울전시갤러리 예술정동길서대문역 덕수궁문화 광화문서울시립미술관","엘리베이터장애인 안내(휠체어 대여 및 기타)장애인 전용 주차장장애인화장실접근가능"
"2723","ko","서울역사박물관","110-062 서울 종로구 신문로2가 2-1 ","03177 서울 종로구 새문안로 55 (신문로2가 서울역사박물관) ","02-724-0274","","http://www.museum.seoul.kr","09:00~18:00 ","화~일","-월 -1월 1일  ","3호선 경복궁 7번출구  5호선 서대문 4번 출구 300미터  5호선 광화문 7번 8번 출구 400미터  "," 경희궁 문화체험 광화문역 전통서울역사박물관 유물 박물관 역사 서대문역 광화문경복궁역 터치뮤지엄","엘리베이터장애인 안내(휠체어 대여 및 기타)장애인 전용 주차장장애인화장실접근가능"
"33743","ko","서울역사박물관 온라인 교육 서비스"," 서울 종로구 신문로2가 2-1 ","03177 서울 종로구 새문안로 55 (신문로2가) ","02-724-0274","","https://museum.seoul.go.kr/www/edu/eduSch/eduSch2th.jsp?sso=ok","","","","1호선 시청역 123번 출구 / 5호선 광화문역 78번 출구 / 5호선 서대문역 4번 출구"," 박물관유물 역사공부 시청역교육 온라인체험 온라인교육서비스서울역사박물관 박물관","엘리베이터장애인 안내(휠체어 대여 및 기타)장애인 전용 주차장장애인화장실접근가능"
"1414","ko","선정릉(선릉)","135-090 서울시 강남구 삼성동 135-4 ","06153 서울특별시 강남구 선릉로100길 1 (삼성동) ","02-568-1291","02-568-0773","http://royaltombs.cha.go.kr/html/HtmlPage.do?pg=/new/html/portal_01_08_01.jsp&mn=RT_01_08","06:00 ~ 21:00 (3월 ~ 10월) 06:00 ~ 17:30 (11월 ~ 1월) 06:00 ~ 18:00 (2월)","화~일","월요일","2호선·분당선 선릉역 10번 출구 9호선 선정릉역 3번 출구","선릉데이트장소도시속유네스코서울데이트장소추천문화유산공원데이트세계문화유산선릉역서울역사적명소서울공원서울가볼만한곳선정릉전릉선릉","장애인 안내(휠체어 대여 및 기타)장애인 전용 주차장장애인화장실접근가능"
"3778","ko","송은(SONGEUN)"," 서울 강남구 청담동 92-9 ","06016 서울 강남구 도산대로 441 (청담동) ","02-3448-0100","02-3448-0105","http://www.songeun.or.kr","11:00~18:30","월~토","-일요일 -공휴일 ＊전시별 관람시간 확인요망","수인분당선 압구정로데오역 3번 출구에서 10분"," 전시 예술 미술관청담동 송은 문화재단 압구정로데오역 미술송은 강남","엘리베이터장애인 전용 주차장장애인화장실"
"27193","ko","송파관광정보센터","138-240 서울 송파구 신천동 32 ","05617 서울 송파구 잠실로 180 (신천동 송파관광정보센터) ","+82-2-421-0970~1","","","10:00~19:00 (동절기 18:00까지)","","설 추석명절 휴무","2호선 잠실역 1번 출구 8호선 잠실역 11번 출구","송파관광정보센터 사랑의자물쇠크로마키관광객 관광안내송파 사랑의우체통","장애인 안내(휠체어 대여 및 기타)"
"1427","ko","쇳대박물관","110-810 서울 종로구 동숭동 187-8","110-810 서울특별시 종로구 이화장길 100 (동숭동) ","02-766-6494","02-766-8643","http://ehwadong.com/","10:00 ~ 18:00 ","화~토","월요일 일요일","4호선 혜화 2번 출구 도보 20분 "," 동대문 대학로 종로구박물관쇳대시티투어버스 전시","엘리베이터장애인 전용 주차장접근가능"
"36048","ko","스마트서울 전시관"," 서울 중구 태평로1가 31 ","04524 서울 중구 세종대로 110 (태평로1가 서울특별시청)  B1","02-2133-2942","","http://www.seoulcitizenshall.kr/?r=sch&m=program2&cate=&ing=active&sort=uid&mod=view&p=1&uid=2410","10:00~18:00(입장마감 17:30) ※ 사전예약을 통한 전시관람","월요일 - 일요일","1월 1일 설날/추석 당일 매월 마지막 일요일","1호선 시청역 4번 출구 2호선 을지로입구역 하차 후 서울시청 방면 지하 연결출구","스마트서울스마트도시서울 전시관서울전시관데이트서울전시서울갈만한곳","엘리베이터장애인 전용 주차장장애인화장실접근가능"
"1442","ko","스페이스 씨","135-120 서울 강남구 신사동 627-8 스페이스씨","135-120 서울특별시 강남구 언주로 827 스페이스씨 (신사동) ","02-547-9177","","http://www.spacec.co.kr/","하절기(4-10월) 10:00 ~ 19:00  동절기(11월-3월) 10:00 ~ 18:00","월~토","-일요일 -1월1일 -구정 및 추석 연휴 -기타 기관장이 정하는 임시 휴일","3호선 압구정 3번 출구 도보 10분 "," 스페이스씨 코리아나화장품문화공간 압구정역 화장품 강남 코리아나 문화화장박물관 미술관  복합문화공간박물관 전시","엘리베이터장애인 전용 주차장접근가능"
"1153","ko","양화진외국인선교사묘원","121-883 서울 마포구 합정동 144 ","04084 서울 마포구 양화진길 46 (합정동 양화진홍보관) ","02-332-9174","02-332-9175","http://www.yanghwajin.net/v2/index.html","개방시간 10:00~17:00 안내시간 월~토요일 AM 10:00 11:30 / PM 02:00 03:30  (※ 신정 (1월 1일) 설 연휴 추석 연휴 성탄절에는 안내를 제공치 않습니다.) ","월~토","일요일 ※신정 (1월 1일) 설 연휴 추석 연휴 성탄절에는 안내를 제공치 않습니다.) ","6호선 합정역 7번 출구 도보 10분    2호선 합정역 7번 출구 도보 10분   ","합정동 기념관 양화진홍대 한국선교기념관양화진외국인선교사묘원선교사 합정역","장애인 전용 주차장장애인화장실접근가능"
"2435","ko","연세대학교 스팀슨관&언더우드관&아펜젤러관","120-140 서울 서대문구 신촌동 134","03722 서울특별시 서대문구 연세로 50 (신촌동) ","1599-1885","","http://www.yonsei.ac.kr/sc/intro/building2016.jsp","월~토 오전 9:00~5:00 연세대학교 캠퍼스 개방일 학교 내부 사정에 따라 이용 시간 및 이용 여하에 차이가 있음 ","","","2호선 신촌 2번 3번 출구 도보 15분"," 신촌역 배재학당 아펜젤러 유적지 언더우드 홍대연세대학교 신촌캠퍼스 스팀슨","엘리베이터장애인 전용 주차장장애인화장실접근가능"
"3629","ko","예술가의 집 (구 서울대학교 본관)","110-809 서울 종로구 동숭동 1-130","110-809 서울특별시 종로구 동숭길 3 (동숭동) ","02-760-4715","","http://artisthouse.arko.or.kr","10:00~20:00 (일요일 법정 공휴일 제외)","월화수목금토","","4호선 혜화 2번 출구 도보 5분  "," 한국문화예술위원회 혜화역예술 동대문 예술가의집","장애인 전용 주차장장애인화장실접근가능"
"4325","ko","예술의 전당 한가람미술관","137-070 서울 서초구 서초동 700","06757 서울특별시 서초구 남부순환로 2406  (서초동) ","02-580-1300","","http://www.sac.or.kr/SacHome/sachome/main","10:00~19:00","화~일","월요일","3호선 남부터미널 5번 출구 출구 도보  5-10분 소요  3호선 남부터미널 5번 출구 셔틀버스/4429번 버스 환승  ","전시 예술 한가람미술관미술관 예술의전당 문화 예술의전당전시 미술전시회 남부터미널역 혼자전시회","엘리베이터장애인 안내(휠체어 대여 및 기타)장애인 전용 주차장장애인화장실접근가능"
"471","ko","운현궁 ","110-350 서울 종로구 운니동 114-10 ","03131 서울 종로구 삼일대로 464 (운현궁) ","02-766-9090","02-742-3900","http://unhyeongung.or.kr ","09:00 ~ 18:00 (입장마감 17:30 / 코로나19로 단축운영) ","화~일","월 (공휴일이 월요일일 경우 정상 개장)","3호선 안국역 4번출구 50m 앞    5호선 종로3가역 5번출구(안국역방면) 300m 앞   ","서울고궁투어데이트코스한국궁궐종묘서울궁궐서울볼거리서울산책코스서울서울가볼만한곳서울나들이여행서울여행운현궁","장애인화장실접근가능"
"27380","ko","이음피움 봉제역사관"," 서울 종로구 창신동 647-50 ","03097 서울 종로구 창신4가길 26 (창신동 이음피움 봉제역사관) ","02-747-6471","","http://iumpium.com/","10:00~18:00 (17:30에 입장 마감)","화~일","-월요일 -공휴일","1호선 동대문역 1번 출구","도시재생 봉제산업 문화역사공간 봉제역사관이음피움동대문역 서울투어 창신동","장애인화장실"
"859","ko","전쟁기념관","140-021 서울 용산구 용산동1가 8 ","04353 서울 용산구 이태원로 29 (용산동1가 전쟁기념관) ","02-709-3114","02-709-3100","http://www.warmemo.or.kr","09:30 ~ 18:00  ","화~일","월요일 (월요일이 포함된 연휴에는 연휴 마지막 다음날 휴관)","6호선 삼각지역 11번 12번 출구 (도보 3분)   <br /> 4호선 삼각지역 1번 출구 (도보 5분)   <br /> 1호선 남영역 1번 출구 (도보 10분)   ","서울아이들데리고갈만한곳서울가볼만한곳추천용산전쟁기념관서울박물관추천용산어린이박물관전쟁기념관서울전쟁사박물관6.25전쟁서울아이들과함께전쟁기념관어린이박물관","엘리베이터장애인 안내(휠체어 대여 및 기타)장애인 전용 주차장장애인화장실접근가능"
"2587","ko","조계사","110-170 서울 종로구 견지동 45","03144 서울특별시 종로구 우정국로 55 (조계사) ","02-768-8600","02-720-2299","http://www.jogyesa.kr","법회 기도 불공 등 사찰 일정에 따라 이용 시간에 차이가 있음","","","3호선 안국 6번 출구 도보 10분 5호선 광화문 2번 출구 도보 15분 1호선 종각 2번 출구 도보 10분","종로구조계사절목불좌상종교사찰혜능대사서울템플스테이조계사서울조계사유형문화재","접근가능"
"507","ko","종묘","110-400 서울 종로구 훈정동 1-2 ","03135 서울 종로구 종로 157 (훈정동 종묘공원) ","02-765-0195","02-3672-4332","http://jm.cha.go.kr/agapp/main/index.do?siteCd=JM","2월 ~ 5월 9월 ~ 10월 09:00~18:00 (입장마감 17:00) 6월 ~ 8월 09:00~18:30 (입장마감17:30) 11월 ~ 1월 09:30~17:30 (입장마감16:30) (※ 홈페이지 참조)","","화요일","5호선 종로3가역 8번 출구 도보 5분 <br/> 1호선 종로3가역 11번 출구 도보 5분 <br/> 3호선 종로3가역 8번 출구 도보 5분   ","창덕궁종로3가역 종묘 광화문유네스코세계문화유산  종묘사직종묘제례 창경궁","장애인 안내(휠체어 대여 및 기타)장애인화장실접근가능"
"297","ko","창경궁","110-360 서울 종로구 와룡동 2-1 ","03072 서울 종로구 창경궁로 185 (와룡동 창경궁) ","02-762-4868","","http://cgg.cha.go.kr/agapp/public/html/HtmlPage.do?pg=/cgg/06/greeting_01.jsp&pageNo=74000000&siteCd=CGG","09:00 ~ 21:00 (입장마감 20:00)","화~일","월","4호선 혜화역 4번 출구 도보 15분  ","서울야경궁궐야행창경궁서울가볼만한곳서울볼거리서울밤산책서울데이트코스서울궁궐서울야간데이트한국궁궐한국역사적명소서울여행코스한국전통문화전통","장애인 안내(휠체어 대여 및 기타)장애인 전용 주차장장애인화장실"
"37176","ko","창경궁 대온실 "," 서울 종로구 와룡동 2-1 ","03072 서울 종로구 창경궁로 185 (와룡동 창경궁) ","(02) 762-4868~9","(02) 762-9514","http://cgg.cha.go.kr/agapp/main/index.do?siteCd=CGG","09:00 - 18:00","화 - 일","월요일","혜화역 4번출구 700m","창경궁데이트창경궁서울가볼만한곳창경궁포토존창경궁대온실","장애인 안내(휠체어 대여 및 기타)"
"295","ko","창덕궁","110-360 서울 종로구 와룡동 2-71 ","03072 서울 종로구 율곡로 99 (와룡동 창덕궁) ","02-3668-2300","02-762-2070","http://www.cdg.go.kr","2-5월	09:00 ~ 18:00(입장마감은 17:00) 6-8월	09:00 ~ 18:30(입장마감은 17:30) 9-10월	09:00 ~ 18:00(입장마감은 17:00) 11-1월	09:00 ~ 17:30(입장마감은 16:30)","화~일","월","5호선 종로3가역 6번 출구 도보 10분    3호선 안국역 3번 출구 도보 5분   ","서울데이트코스한국여행코스서울명소서울한복투어세계유산서울여행코스서울가볼만한곳한국문화서울필수여행지한국전통서울창덕궁고궁투어","장애인 안내(휠체어 대여 및 기타)장애인 전용 주차장장애인화장실"
"11610","ko","한성백제박물관","138-829 서울 송파구 방이동 88-20 88-20","05540 서울 송파구 위례성대로 71 (방이동 한성백제박물관) ","02-2152-5800","02-2152-5879","http://baekjemuseum.seoul.go.kr/ ","09:00~19:00  ","화~일","-월(월요일이 공휴일인 경우 개관) -1월 1일","8호선 몽촌토성 1번 출구→우측(남2문)방면으로 650m 이동 5호선(마천방면) 올림픽공원 3번 출구→남2문 방면으로 1km 이동  "," 문화재 유적 백제 전시 방이동 올림픽공원 박물관몽촌토성역 올림픽공원역한성백제박물관 4D영상체험 잠실","엘리베이터장애인 안내(휠체어 대여 및 기타)장애인 전용 주차장장애인화장실접근가능"